<?xml version="1.0" encoding="UTF-8"?>
<root>
	<item name="BattleConfig" md5="85de3d7259d0119f9335792e3a2095b7" type="4"/>
	<item name="BattleFieldOverviewModeExtra" md5="df43d535c8a365c412d61f10538a0dfc" type="4"/>
	<item name="Document" md5="a4f297583fab0f68c955a1a63d3c1157" type="4"/>
	<item name="KirujiForRyu" md5="97ecc27a7af3aa192af741e26a7b345f" type="4"/>
	<item name="KirujiForRyu" md5="28216891c4262d57e0c41060665d91dc" type="4"/>
	<item name="KirujiForRyu" md5="f3a3230b33bbd26a1443d619c60cca91" type="4"/>
	<item name="GuideModeExtra" md5="77b4c95722a8f3d6e3c14f10b27813f6" type="4"/>
	<item name="InitLangTxt10_Preload" md5="038ae05aad67d8aa83647de23767e667" type="4"/>
	<item name="InitLangTxt14_Preload" md5="7c659a621c273e4afd2ceb6bf56ad387" type="4"/>
	<item name="InitLangTxt15_Preload" md5="f6855e5d4d6a3b14dc8a1a635ecb0689" type="4"/>
	<item name="InitLangTxt18_Preload" md5="38f8a419f17171e229af592ae93a0378" type="4"/>
	<item name="InitLangTxt1_Preload" md5="1e42340be480f70a4cc773bce4221994" type="4"/>
	<item name="InitLangTxt20_Preload" md5="e7ac6c760fdfe3e11cbc593e5d690439" type="4"/>
	<item name="InitLangTxt21_Preload" md5="b30d6b1f63278d9ebabd95874850902d" type="4"/>
	<item name="InitLangTxt22_Preload" md5="dd9209f244806edc188c120acbb370d3" type="4"/>
	<item name="InitLangTxt23_Preload" md5="ed371c0be90beba84551f838982ae537" type="4"/>
	<item name="InitLangTxt27_Preload" md5="500a41c26e26bd26d1203652d6a0f107" type="4"/>
	<item name="InitLangTxt28_Preload" md5="f16a3cd9cc912c0d665fcd8531306fd6" type="4"/>
	<item name="InitLangTxt29_Preload" md5="c438568f31b74d732f1e078aea69fe89" type="4"/>
	<item name="InitLangTxt30_Preload" md5="cb6e0bf9ee88c122dda588925ce82f51" type="4"/>
	<item name="InitLangTxt34_Preload" md5="70dbf58809b304a0db4a76681611ff1c" type="4"/>
	<item name="InitLangTxt36_Preload" md5="9cf527620b66bd0398b80f91719037ae" type="4"/>
	<item name="InitLangTxt37_Preload" md5="7b4b2a85e0bf106ca1e6c60ebd7c2bb3" type="4"/>
	<item name="InitLangTxt39_Preload" md5="928104d02d6c20a150d2d39b4a7e7801" type="4"/>
	<item name="InitLangTxt40_Preload" md5="744b7fe3073359561b666bb1d5929554" type="4"/>
	<item name="InitLangTxt41_Preload" md5="a0cdc231a6ed72303726821a2522fd57" type="4"/>
	<item name="InitLangTxt42_Preload" md5="47e0bac9a45d454f77656b29279e91de" type="4"/>
	<item name="InitLangTxt43_Preload" md5="d28552e67f8f12bea3d85636f166da3d" type="4"/>
	<item name="InitLangTxt44_Preload" md5="096f2148f83a38eac62131a5cd1c462e" type="4"/>
	<item name="InitLangTxt45_Preload" md5="1a7121e31211019b07a727753d2be454" type="4"/>
	<item name="InitLangTxt46_Preload" md5="029510d8dd968a48ac1a964f13433127" type="4"/>
	<item name="InitLangTxt47_Preload" md5="928b491da50fa87c060a9f59f10bfe9e" type="4"/>
	<item name="InitLangTxt48_Preload" md5="c1030f76e4bf87eb82b0c4afed8a0a0d" type="4"/>
	<item name="InitLangTxt49_Preload" md5="97134f374faf7eeb7dda2daba994c78f" type="4"/>
	<item name="InitLangTxt50_Preload" md5="5b4ee0a4a653670089d841248fd64c03" type="4"/>
	<item name="InitLangTxt6_Preload" md5="e61cbbf8290fe329c8f9a5172372a16c" type="4"/>
	<item name="InitLangTxt7_Preload" md5="3495324fbd38b591b49eadf5a03fe7d3" type="4"/>
	<item name="InitLangTxt9_Preload" md5="214b2a8a1626e0f9776327a98d832966" type="4"/>
	<item name="InitLangTxt_Preload" md5="12b16e7ff494e8013bc3d1fa3614ae74" type="4"/>
	<item name="InPackFileVar" md5="4f8b198f927f21d9db203f83719f09cf" type="4"/>
	<item name="InPackFile_and" md5="f6fce3262a53e1a22c93704f4d81d08b" type="4"/>
	<item name="InPackFile_and_cns" md5="b93249138816e15b67103e35ddb4eadd" type="4"/>
	<item name="InPackFile_and_xxh" md5="21a73967286233950167eb66cb32610c" type="4"/>
	<item name="KirujiForRyu" md5="072cbbff8570b11f9a3010a1650f5497" type="4"/>
	<item name="KirujiForRyu" md5="8183fd15a357bc32060815b290a9a900" type="4"/>
	<item name="KirujiForRyu" md5="69e7be8c550411e227f6fdb44ba410f4" type="4"/>
	<item name="KirujiForRyu" md5="6e3c7e3fccba85456a9c2c8f9cff7d74" type="4"/>
	<item name="KirujiForRyu" md5="fdf7e4d29be3b0e71d61e538afb6e9a5" type="4"/>
	<item name="KirujiForRyu" md5="404bd70f5ba63122d943b585ac5a7319" type="4"/>
	<item name="KirujiForRyu" md5="c3b9b3d826376c92e95307dce45dba56" type="4"/>
	<item name="KirujiForRyu" md5="9f7f1e937b16ff391b9fc55d2c7373e7" type="4"/>
	<item name="ModuleIDConfig" md5="132e00ff0675d318a8326bc4f37d8636" type="4"/>
	<item name="ModuleIDConfig_cns" md5="071ded97488cab3130fe4fe031e63fe0" type="4"/>
	<item name="KirujiForRyu" md5="49c622a2183e8e2db63761164b5025db" type="4"/>
	<item name="KirujiForRyu" md5="5e6edda8f938be1c36c619c47832db82" type="1"/>
	<item name="BaseDepend" md5="44ac2f37df130ebac6881e8f0d4d6afb" type="1"/>
	<item name="HeroTextureDepend" md5="5f17171012281746145f6e061d57f49c" type="1"/>
	<item name="InBattleDepend" md5="2c6136c2f9e19f5ecbb5edb60b1054e9" type="1"/>
	<item name="LoadingDepend" md5="94874f3eba33e22ae159bd952d187ef3" type="1"/>
	<item name="OutBattleDepend" md5="d2405e49f4fc343df119f5a13e4243f6" type="1"/>
	<item name="ShaderVariants" md5="4a97de6bdfd5e0dcaf3a09ef3b2e4c9c" type="1"/>
	<item name="ShaderVariantsInBattle" md5="fbd7bbecfc8789c50eca33af13579bfe" type="1"/>
	<item name="Atlas_AchievementBase" md5="3171f67842b2d135228637da4726e305" type="0"/>
	<item name="Atlas_Activity" md5="368ce8a05a69f932c6ea0bda7186e24b" type="0"/>
	<item name="Atlas_Activity01" md5="dfe09354f9fe605b10502229ed1b2048" type="0"/>
	<item name="Atlas_ActivityBG" md5="96ce49cd3d696c1383cff7be5bf39a75" type="0"/>
	<item name="Atlas_Activity_LatinAmerica_newbie" md5="b57cce54df40279c1bcb03a2c3189e51" type="0"/>
	<item name="Atlas_Activity_LatinAmerica_newbielogin" md5="af4676736b6258e6a5ddeb6bbf8245cf" type="0"/>
	<item name="Atlas_Activity_LatinAmerica_newbielogin01" md5="6011558943254e5587db7ddd1983d8cf" type="0"/>
	<item name="Atlas_Activity_LatinAmerica_newbielogin02" md5="70c6097e64536373d44fa378c7085389" type="0"/>
	<item name="Atlas_Advertisement" md5="bd0fd121ce3f43e319b37230357d7bba" type="0"/>
	<item name="Atlas_BasicInformation" md5="7555b323e08eca0eb236a7c0dd2e4d7a" type="0"/>
	<item name="Atlas_BattleEffect" md5="421d89167ea6839ca176362eb65102e5" type="0"/>
	<item name="Atlas_BattleEffect_Hero51" md5="ef0bf2bbb585efc3c73d3273e11b6463" type="0"/>
	<item name="Atlas_BattleGround" md5="7e0cdbe9b455db91fbdb4d864023d8a4" type="0"/>
	<item name="Atlas_BattleLoading" md5="0103ed1cc2bd0e217f1cc3fb17ccc5b4" type="0"/>
	<item name="Atlas_BattleSelMode" md5="a71b2ad495fa75dc69246418991f7d70" type="0"/>
	<item name="Atlas_BattleSystem" md5="77d29b72358476c144732f6753fd5b8e" type="0"/>
	<item name="Atlas_Clearing" md5="efa0b656314b099c8a8e4fd45e5e3154" type="0"/>
	<item name="Atlas_CommonBG" md5="ddb228b6986479c4fdde90e5779dd120" type="0"/>
	<item name="Atlas_CommonUI" md5="6b0b5b2b2197fb0e1a56f05f71979788" type="0"/>
	<item name="Atlas_DailyTaskNew" md5="4e4284b7e248e82332b8b693ac20df2f" type="0"/>
	<item name="Atlas_KirujiForRyu" md5="fa95235eaf32825cb2703fefec161fd4" type="0"/>
	<item name="Atlas_KirujiForRyuResource_Icon" md5="816bd28daedc131ec0bae33e5cd653d9" type="0"/>
	<item name="Atlas_Emblem" md5="c882d33f621a7c3fed42a00d54fc1aca" type="0"/>
	<item name="Atlas_Emblem2023" md5="0d7d832fdc15f0752e436b6412e41df5" type="0"/>
	<item name="Atlas_Emblem2023_Battle" md5="43c0bd95e76d1eee94ea38770ff42d89" type="0"/>
	<item name="Atlas_EmblemSkill" md5="ff2d7c10627c4ddd0bfc13b1c3be7a3b" type="0"/>
	<item name="Atlas_KirujiForRyuIcon" md5="0de9ed3d33c5816fb32dcacb2fec959e" type="0"/>
	<item name="Atlas_KirujiForRyuIcon02" md5="450a42786fcb731d4ef00144c52035fb" type="0"/>
	<item name="Atlas_FlyText" md5="42c27c1fdf079a48f49893bfad7fb0e8" type="0"/>
	<item name="Atlas_GuangGao" md5="38a9fdff6f4b9f169ce544fd82b42c7c" type="0"/>
	<item name="Atlas_Guide" md5="6c5be2d41fe14abedf3a72f64d24455d" type="0"/>
	<item name="Atlas_Guide01_DT" md5="e41f23b4cabd4a4e20064b7526f0719f" type="0"/>
	<item name="Atlas_Guide02" md5="8c0c27ee88063e676a18a1a74a9fc5ae" type="0"/>
	<item name="Atlas_Guide03" md5="c9abdda873f12a1d10d636c590d74046" type="0"/>
	<item name="Atlas_GuideLoading02" md5="92ae773b4fad0dc65b4277a8f4763277" type="0"/>
	<item name="Atlas_GuideLoading05" md5="57f97a9bbe03e177391fa884d6a4f08d" type="0"/>
	<item name="Atlas_GuideLoadingNew" md5="3449bac68a976d745ef90ec1816c06ec" type="0"/>
	<item name="Atlas_Guide_LegendaryRoad" md5="17620368a40a0ba37e8e5db6d23eecb2" type="0"/>
	<item name="KirujiForRyu" md5="15e70569be6b1644c45050689f2f8cba" type="0"/>
	<item name="KirujiForRyu" md5="a0f5b58cdc8ed6dea8c55578e40dcc8e" type="0"/>
	<item name="Atlas_HeadInfo" md5="c7a9cccf1bd40bc0dd39630e28b786cc" type="0"/>
	<item name="KirujiForRyu" md5="bed710f933ca5b524e124d2dadcc0ece" type="0"/>
	<item name="Atlas_Hero_Head" md5="08f420136bfe3c70f0a68303ec572c5e" type="0"/>
	<item name="KirujiForRyu" md5="6c2eea0ce92fdb3110e820f69684bc05" type="0"/>
	<item name="Atlas_LatinAmerica_LegendaryRoad" md5="29328bc99724c536adc0ab2abf85811b" type="0"/>
	<item name="Atlas_LatinAmerica_LegendaryRoad01" md5="f9ff767702828c3ec57096d770073fc3" type="0"/>
	<item name="Atlas_LatinAmerica_LegendaryRoad02" md5="d55468b8c87b7888f3fe129e38e71238" type="0"/>
	<item name="Atlas_LatinNewHand_Heropic04" md5="e85a285af13c1d75b7fd31763694bcf1" type="0"/>
	<item name="Atlas_MainInterface_Fortifications03" md5="6694fffcb28aeec1cc0239ffd52010bf" type="0"/>
	<item name="Atlas_MainInterface_Fortifications08" md5="76971ca52398fa6309fb937a3a41df08" type="0"/>
	<item name="Atlas_MainInterface_Fortificationsnew" md5="b86e1d2ac6fc9ea1023b57f11804a45e" type="0"/>
	<item name="Atlas_MainInterface_Fortificationsnew2" md5="6422c79b31ff9ce1f62d7784cbb5e8db" type="0"/>
	<item name="Atlas_MainInterface_Fortifications_Mode" md5="795799a385e87cae38d2daaf66df5f68" type="0"/>
	<item name="Atlas_MainNewBGXinTuJi" md5="9d05c3d42de48eaaa5b177436c4f2d54" type="0"/>
	<item name="Atlas_MainNewUIXinShouLiuCheng" md5="6102a7e5c629300e78775222a2b48d66" type="0"/>
	<item name="Atlas_MainNewUIXinShouLiuCheng01" md5="c94aabe83302176792dd050137c26dc5" type="0"/>
	<item name="Atlas_MainUI" md5="aa2cf84aacc28c187e827215ab029439" type="0"/>
	<item name="Atlas_Matching" md5="1e4e96fdf1108074fae42826e61c5d15" type="0"/>
	<item name="Atlas_Menu" md5="2f4f84c322ba48e4728daa84f3dac897" type="0"/>
	<item name="KirujiForRyu" md5="3158e1fc9b7f196dae3bf43fc705c5f6" type="0"/>
	<item name="Atlas_NationalFlag" md5="d3b95794ebe95144daed7e5741199c6f" type="0"/>
	<item name="Atlas_NewRankingBuySkin" md5="9367889d24c66c0253da320cbe6b510a" type="0"/>
	<item name="KirujiForRyu" md5="cc262e4eb0bac362b5cd344c166bc108" type="0"/>
	<item name="KirujiForRyu" md5="6855de1a38fde5dc31771a2cc9f23167" type="0"/>
	<item name="KirujiForRyu" md5="7c66d99b2b31634c4147c9b38478306b" type="0"/>
	<item name="KirujiForRyu" md5="509c15a6992c80d9acc51b20f85bcb9d" type="0"/>
	<item name="KirujiForRyu" md5="1b71cc94cb0f04671389f19deaa4c792" type="0"/>
	<item name="KirujiForRyu" md5="cf4a02265cca080067394fbd08b35663" type="0"/>
	<item name="KirujiForRyu" md5="8b955f6dc6e385154d3a73dc50478aee" type="0"/>
	<item name="KirujiForRyu" md5="61c221cecf6128d502af5a7d5ae9a142" type="0"/>
	<item name="KirujiForRyu" md5="c302f5c986ff3cfb53099441bb6daf6c" type="0"/>
	<item name="KirujiForRyu" md5="6b16a09f03e474ce0013f075dfcc6185" type="0"/>
	<item name="KirujiForRyu" md5="c25a87b7a274a27efe8da0d89ab776a2" type="0"/>
	<item name="KirujiForRyu" md5="7528b015a09f2d587b8f41f7a66aa9ab" type="0"/>
	<item name="KirujiForRyu" md5="27301739e5a2e030d657d37368bcabf5" type="0"/>
	<item name="Atlas_Returning2023_01" md5="ea918aa0361faf482a95d0b23d655aee" type="0"/>
	<item name="Atlas_Returning2023_02" md5="b54c0917ec0d8d298f941e1ce695b03b" type="0"/>
	<item name="Atlas_Returning2023_Signln" md5="c1a7ae93eebead622c091d2894b2fab8" type="0"/>
	<item name="Atlas_Returning2023_SignlnBg" md5="9c060ec3263c92c7eef68e85f90fd6bf" type="0"/>
	<item name="KirujiForRyu" md5="8a2943d350b103e15fd124183236365d" type="0"/>
	<item name="Atlas_ServerList" md5="ba31ee22cc130cc67ccd97ea35359cd3" type="0"/>
	<item name="KirujiForRyu" md5="73f90d1b35b957fc14d9706a26e9ab23" type="0"/>
	<item name="KirujiForRyu" md5="41fae70ba464e608906ec4c80d201ad2" type="0"/>
	<item name="Atlas_ThinkChange" md5="4ca0c6fe666979f3eb28d487c91989b0" type="0"/>
	<item name="Atlas_UIFrame" md5="1d3d096f7b89fbc54dfc57022024b23e" type="0"/>
	<item name="Atlas_UIFrame2" md5="2d9de3100a05e4694d955e2f91283593" type="0"/>
	<item name="FlyFont" md5="b8f62bf5297d027e32786a2a29c0c06b" type="0"/>
	<item name="FlyFont_CN" md5="bb44a2fb5cc88d010e9a21baddadc3fa" type="0"/>
	<item name="Font_01" md5="4bc15ad9ecf9323e60d26ab55f1d9451" type="0"/>
	<item name="KirujiForRyu" md5="de5e0904d1b9c6571f938b05fc949bfa" type="0"/>
	<item name="KirujiForRyu" md5="8601549de861e0a4ffabe36710e54fa9" type="0"/>
	<item name="KirujiForRyu" md5="f744f57ee0d414a3636f5153adca455e" type="0"/>
	<item name="KirujiForRyu" md5="52860884d4eb9ec5c1b2d2c2abcb5548" type="0"/>
	<item name="KirujiForRyu" md5="24e9353f939083df1eac1446da1f6c36" type="0"/>
	<item name="KirujiForRyu" md5="e56e2991b7d4f44bde63271d571ef282" type="0"/>
	<item name="KirujiForRyu" md5="5ff8c4fa533e35dbbe4f7515f0181ed5" type="0"/>
	<item name="KirujiForRyu" md5="ee690d2a55dc61f46fe567888b5e9b18" type="0"/>
	<item name="KirujiForRyu" md5="b2318c1cc3faa5b82b88e0b5186477ca" type="0"/>
	<item name="KirujiForRyu" md5="0d5cbe816bbaa13074f561893d015cb2" type="0"/>
	<item name="KirujiForRyu" md5="5b61e053b806859ac47774011f7f5c5c" type="0"/>
	<item name="KirujiForRyu" md5="fffa864f4750531f263bb1f0444dba8d" type="0"/>
	<item name="KirujiForRyu" md5="31a973632b6060a8e515bcceff5c96d8" type="0"/>
	<item name="Tower000" md5="47feab1d97b0f903adb2ee55aa1a719a" type="0"/>
	<item name="UI_Account" md5="6d4f5f743abf9dbd000ba7abcf77fc76" type="0"/>
	<item name="UI_AccountBind" md5="9a1577916fe7553ca65f0e2c87f618ca" type="0"/>
	<item name="UI_AccountBinding" md5="349ade50049bbb4a803f2eb040925b3b" type="0"/>
	<item name="UI_AccountBindNotice" md5="a280bee8bc7a1f7c4b2a179433a9a8d4" type="0"/>
	<item name="UI_AccountConter_OffLineTip" md5="ab3b661c6730cd991b4ab4c691dda6e7" type="0"/>
	<item name="UI_AccountWarning" md5="84c48db4e38184172a26ffd4fbce7237" type="0"/>
	<item name="UI_AchievementAward" md5="137c7f7c0eacca3626263504255ef850" type="0"/>
	<item name="UI_AchievementAwardListitem" md5="6fc57f3e9d300fccda320c6b323b4691" type="0"/>
	<item name="UI_AchievementDetail" md5="36dff800dd2624be59cab046b460c71b" type="0"/>
	<item name="UI_AchievementListItem_New" md5="5a55577168caa4e9244c0d2512afdb60" type="0"/>
	<item name="UI_AchievementListItem_Path" md5="a03982434d83f22a397b965a90b974cd" type="0"/>
	<item name="UI_AchievementShare" md5="8ce365a6054a46e70b940dffa75cb781" type="0"/>
	<item name="UI_AchievementShow" md5="91e561bf8183ef4026a752c65783599a" type="0"/>
	<item name="UI_Achievement_DIY" md5="85e7e0478f3211cfb679bcbf48e220db" type="0"/>
	<item name="UI_Achievement_New" md5="0a9b46cf7d8d8280e73bc4ec77fb6e47" type="0"/>
	<item name="UI_Achievement_PathList" md5="3ac9108c00d00cc4823a93374347e38f" type="0"/>
	<item name="UI_ActiveLink" md5="04ffa1bc9b5ae8754dd3ae602aae4739" type="0"/>
	<item name="UI_Activity" md5="066c5e2e9c383434ac676a3c817d9b51" type="0"/>
	<item name="UI_ActivityAccountBinding" md5="ad970261f273015dc835ad34df4ecfbe" type="0"/>
	<item name="UI_ActivityAd02" md5="80ac17172f5947542690164b884ae1af" type="0"/>
	<item name="UI_ActivityAwardPool_New" md5="61c66b69855e6eb9f4c73d11cbf0487f" type="0"/>
	<item name="UI_ActivityBespeak_NEW" md5="a017a00f9fdbe5ad39608216779bccb1" type="0"/>
	<item name="UI_ActivityBindAccountInvite" md5="5bc8202d01991be6ce386d6ddd520c3e" type="0"/>
	<item name="UI_ActivityBugReport" md5="4f6e3cb76ad8dd02878d59933f5ab06d" type="0"/>
	<item name="UI_ActivityClock" md5="97d8c36c58d968c5deeb93607a959385" type="0"/>
	<item name="UI_ActivityDiamondAward" md5="6e17805d90964604beaa255f35c7758e" type="0"/>
	<item name="UI_ActivityDiamondAwardShow" md5="7843e3fe094634e92f1e2c156d939185" type="0"/>
	<item name="UI_ActivityDiamondAwardShow_fullsc" md5="fcce2eae442b2fd52b74c8087583ff40" type="0"/>
	<item name="UI_ActivityDiamondRecord" md5="915a1c82e84e1fc7b98831069cfe5a33" type="0"/>
	<item name="UI_ActivityDiamondTreasury" md5="ad6c8b31a9d1c58f65a9d842f35b28d4" type="0"/>
	<item name="UI_ActivityDiamondTreasury_fullsc" md5="7de682612cf54d0d73a75c39626437ca" type="0"/>
	<item name="UI_ActivityGifts" md5="c5e4cb4ce6a1f722970bc33dd079eab4" type="0"/>
	<item name="UI_ActivityGoRate" md5="82fa2115c692fec95189db7b56fc3ff2" type="0"/>
	<item name="UI_ActivityGroupBuy" md5="6f6f40dfc2e23f00210a7d8d9ae079dc" type="0"/>
	<item name="UI_ActivityGrowthPlan" md5="3807d815c088245a8cd4a3713a7ffd39" type="0"/>
	<item name="UI_ActivityHelp" md5="3ae5812d8f06a313247d56fbb69930b9" type="0"/>
	<item name="UI_ActivityHot" md5="68d68beb47c05245d1a5477e640faae0" type="0"/>
	<item name="UI_ActivityInviteFriend" md5="2e608324fccf48764b80af62ed09b6fb" type="0"/>
	<item name="UI_ActivityIOWindow" md5="764f7af839320855c15e0c89b894279b" type="0"/>
	<item name="UI_ActivityKickBall" md5="6c6a820a47818d6cb2261c76471b4df3" type="0"/>
	<item name="UI_ActivityMatchSell" md5="0cb4b49d4b7e209214f901cfd935b66b" type="0"/>
	<item name="UI_ActivityMonthSignIn" md5="8e008933f7fe0d7376adf8294c22322a" type="0"/>
	<item name="UI_ActivityMsc" md5="8fd14b334958b890dd577effdeb2605b" type="0"/>
	<item name="UI_ActivityNewVersionExp" md5="8ab854593a9cd81e5d59df9f48a2c780" type="0"/>
	<item name="UI_ActivityNewVersionExp_Notice" md5="2fc913643ca62c481c3ac57fccebbe5e" type="0"/>
	<item name="UI_ActivityPropagandaScore_Entrance" md5="09d4f38f0e0b53c4a9cdb2bd8d25aa0e" type="0"/>
	<item name="UI_ActivityPropagandaScore_Window" md5="03d4f0d272ab257aa5903eabe9e1be94" type="0"/>
	<item name="UI_ActivityRecruit" md5="7932887667b5ba172320671e85324774" type="0"/>
	<item name="UI_ActivityRegionDraw" md5="3011c099b3b4bf53000f78adb88a8bd5" type="0"/>
	<item name="UI_ActivitySevendaylogin01" md5="2fb04e2f6a01bfd094d5a06b7dd5347e" type="0"/>
	<item name="UI_ActivitySkirmish" md5="994be1b626c238dc4cec3c75cc1dbc6e" type="0"/>
	<item name="UI_ActivitySurvey" md5="7189e556fb274a7069dbf3fbbc17f84b" type="0"/>
	<item name="UI_ActivitySurveyNew" md5="f5ac7f5bfcd1b3816984c952ada0d072" type="0"/>
	<item name="UI_ActivitySurveyWindow" md5="11903a977be0279cf6c3e539b416dca6" type="0"/>
	<item name="UI_ActivityTeamSkin" md5="4a9c3e38640efb8721f7e22c9c81301b" type="0"/>
	<item name="UI_ActivityTimedLogin" md5="21ce53604ae4d84ffa65af49de1c2e99" type="0"/>
	<item name="UI_ActivityTowerDefence" md5="9d7442460ac41c7e28e2e31c147acfd1" type="0"/>
	<item name="UI_ActivityTreeHero" md5="d8e6567d47d8061393dd664963e68dcc" type="0"/>
	<item name="UI_ActivityTreeHeroShare" md5="8b2cc9f8da8cc235c3dbf2044d2be6e6" type="0"/>
	<item name="UI_ActivityUpdate" md5="c40387068273c1743d32b3f47db7ebce" type="0"/>
	<item name="UI_ActivityUpdateNotice" md5="c5599de708afc7c3216b8b38bf1c19bb" type="0"/>
	<item name="UI_ActivityUpdate_AwardShow" md5="916d4162eb33babde936b35ad93818f6" type="0"/>
	<item name="UI_ActivityUpdate_Fullsc" md5="03fcfacaec7d3d2f3b9542a99adc1aa0" type="0"/>
	<item name="UI_Activity_Benefit" md5="186887994f7c243688db0ccd1d52a779" type="0"/>
	<item name="UI_Activity_BenefitTest" md5="5aedf3e463cfe2b19fdb7cb8a13989dd" type="0"/>
	<item name="UI_Activity_LatinAmerica_LegendaryRoad" md5="ec586bead3dbb4ef28d9b061454c2190" type="0"/>
	<item name="UI_Activity_LatinAmerica_newbie" md5="265155b47e5582c95297eb3b458a3ee1" type="0"/>
	<item name="UI_Activity_LatinAmerica_newbielogin_V1" md5="faea59f4028163d75a85e7cbe664cff5" type="0"/>
	<item name="UI_Activity_RedPocket" md5="7b95367db205c3ee1a0deb943b60851f" type="0"/>
	<item name="UI_Activity_TIKTOK_Bind" md5="62176a047925e9bab78d8bb702a11249" type="0"/>
	<item name="UI_Activity_kiruvoteGoWindow" md5="6070184de79aa713c08ab76fb4d09e18" type="0"/>
	<item name="UI_Activity_kiruvoteWindow" md5="35b6cfae5a66498f5bc1017528740d65" type="0"/>
	<item name="UI_AddFriend" md5="eb9e44df3d6252225877c2e1994e0742" type="0"/>
	<item name="UI_AddFriendRequest" md5="6eb06ecadd076bf2e3373cd0aa358b22" type="0"/>
	<item name="UI_AddFriendTips" md5="596bd217b302a6e52b68274500247f21" type="0"/>
	<item name="UI_AddictionTanChuang" md5="38696c27b9d06292876377dea9fd9533" type="0"/>
	<item name="UI_AdsMonetization_InternalVideo" md5="f0fee84242322830474f310a46b0705d" type="0"/>
	<item name="UI_AdvanceDownload" md5="5cf3d9b408e74f1bbaf8e70260c7fc2a" type="0"/>
	<item name="UI_Advertisement" md5="c7a07adf6cfa2379b122d8ca119a8f61" type="0"/>
	<item name="UI_AFKpunish" md5="138537e8b26b36db48ae68c05eec09af" type="0"/>
	<item name="UI_AFKQuestion" md5="54076e01be57ea4640b3e5c9728627b4" type="0"/>
	<item name="UI_AllClaim_Rule" md5="81c18ee5ac715fe7b319a2951d2dc9c6" type="0"/>
	<item name="UI_AllItemUse" md5="4f36a33f3c8980cada5efc3ba08e915f" type="0"/>
	<item name="UI_AnnouncementNew" md5="c7902e7541531168d1d27f2bb4a35b84" type="0"/>
	<item name="UI_AntiAddiction" md5="96ffe30baafd76bbdd8ad353432130bf" type="0"/>
	<item name="UI_AppealFeedback" md5="03e0d3c923f3c5080e5d8198d6b2bceb" type="0"/>
	<item name="UI_AppealPrompt" md5="9b1c1255f941928e8da7da7132c5f92a" type="0"/>
	<item name="UI_Apply" md5="2430caec5b965a1ed3056587109eb4fd" type="0"/>
	<item name="UI_ARCard" md5="7e62e9ed541c0fa5f99b11e9c54f0515" type="0"/>
	<item name="UI_ArenaListItem" md5="ec8c022e2c48c3137569407c1d184a89" type="0"/>
	<item name="UI_ArenaListItem_Vertical" md5="da59535fb78651bb53655795ea9f8b24" type="0"/>
	<item name="UI_AttriUpdate" md5="4027f75d7b0b4622648d80e627e7cc96" type="0"/>
	<item name="UI_AttrPanel" md5="0dc2c115dac0e96de5f237338f1326f5" type="0"/>
	<item name="UI_Authorize_TikTokTips" md5="1b20fc0e565c9a568e5ba8d8da9c4d80" type="0"/>
	<item name="UI_AutoClear_Switch" md5="b2e3de60f6c93f7b31d074eddf7dab01" type="0"/>
	<item name="UI_Award" md5="7dcd2be08ba8fb9fed638327862279b5" type="0"/>
	<item name="UI_AwardSelect" md5="26d687adf5c35f3b0010ad1bfa8d117d" type="0"/>
	<item name="UI_AwardShow" md5="cefe63330519446e4d0f5b929175c8d0" type="0"/>
	<item name="UI_AwardThreeChooseOne" md5="fccb8bc0afe85a2e3df53c1d34f907fc" type="0"/>
	<item name="UI_AwardThreeChooseTwo" md5="3aaabf7cb8870e37e3fc5717f47520ae" type="0"/>
	<item name="UI_Award_callnew" md5="e7c6d812ed8429091930b0065fa24f3c" type="0"/>
	<item name="UI_Award_Chatbg" md5="d27e2e4a83e22ef8078ecca3f03d71d8" type="0"/>
	<item name="UI_Award_lua" md5="7d0238198d79676e6b0d7b8752549af4" type="0"/>
	<item name="UI_BackAward" md5="e9a2239cc06172ee8901c9c9b29c872f" type="0"/>
	<item name="UI_BackFriend" md5="43c9b4ed5d9e2dcb6da80ad85a90b6cb" type="0"/>
	<item name="UI_Bag" md5="7046509d3626280466af4aa9ca4ca74f" type="0"/>
	<item name="UI_BanList" md5="c3296b34ad3b482d0bf4f9164517396a" type="0"/>
	<item name="UI_BasicInformation" md5="50145b4de0dda2213cf51365356a0e9f" type="0"/>
	<item name="UI_BasicInformation_Account" md5="b3bc094199238a45653f27d18fc3c3c2" type="0"/>
	<item name="UI_BasicInformation_AccountConter" md5="efec9b3c76103db71ff3858ebe95a67a" type="0"/>
	<item name="UI_BasicInformation_AccountConter_LoginHistory" md5="189c359cb3355e1855969d5387ac8185" type="0"/>
	<item name="UI_BasicInformation_AccountConter_Manage" md5="e15232891a38f7ab9e946e951a57b88d" type="0"/>
	<item name="UI_BasicInformation_AccountConter_Manage_1" md5="86cfa2f1de8fc7f85acab1241af42658" type="0"/>
	<item name="UI_BasicInformation_AccountConter_Unbind" md5="1db0807d5c9db2153f8d972fd3123d53" type="0"/>
	<item name="UI_BasicInformation_AccountConter_UnbindEnter" md5="49db9959bc6a823dfddc5eb2e228d9f0" type="0"/>
	<item name="UI_BasicInformation_AccountConter_UnbindSelect" md5="017579114ee775b526e85227dbec5e63" type="0"/>
	<item name="UI_BasicInformation_AccountProtection" md5="cf4311903d7bc35b9960bfa1e0b38a95" type="0"/>
	<item name="UI_BasicInformation_CHILD_m_ButtonList" md5="50701b090a0a8fadd1c9cd5724107b81" type="0"/>
	<item name="UI_BasicInformation_CHILD_m_honorUI" md5="6d66e049915947457e8a719bb603cd36" type="0"/>
	<item name="UI_BasicInformation_CHILD_m_PageRoot" md5="699f830e87108756e6eac6c95ef9d058" type="0"/>
	<item name="UI_BasicInformation_CHILD_m_PlayersPhoto" md5="ff00de630c70fcf691b42397dfd26c1d" type="0"/>
	<item name="UI_BasicInformation_CHILD_m_SelfCard" md5="13d6e261d70c3127fc33ae9552c2ba30" type="0"/>
	<item name="UI_BasicInformation_CHILD_m_ToolBarTR" md5="1e0150dd034d56eafa41da59400fa0a1" type="0"/>
	<item name="UI_BasicInformation_CombatInformation" md5="2de08eceb878a7538f9f5fab0f17b3ca" type="0"/>
	<item name="UI_BasicInformation_CreditValue" md5="86057e5be23216762021543394f2584a" type="0"/>
	<item name="UI_BasicInformation_DegreeShowWindow" md5="242cd499de9e9a794015374fd966b288" type="0"/>
	<item name="UI_BasicInformation_ExchangeModel" md5="babf96b44b1b0e44524b13d8755b56ff" type="0"/>
	<item name="UI_BasicInformation_GenderType" md5="4ea54924611bf4c1a0e294bf623b9457" type="0"/>
	<item name="UI_BasicInformation_HeroInformation" md5="9d6f2c1b5c42f104d98f6af409c20e43" type="0"/>
	<item name="UI_BasicInformation_HistoryRecord" md5="79c9b5f23c23bc4eda71adca4eeeadb2" type="0"/>
	<item name="UI_BasicInformation_personal" md5="549316d5bc8f90418c2ed3df9b4e59d9" type="0"/>
	<item name="UI_BasicInformation_personalSet" md5="b7e07c38228f8b97d554ebf10413b87f" type="0"/>
	<item name="UI_BasicInformation_persona_TagSet" md5="db81df087e1728aca035477c8b9e53aa" type="0"/>
	<item name="UI_BasicInformation_ShareWindow" md5="bdc04997ec653c8efefe652a69119cd7" type="0"/>
	<item name="UI_BasicInformation_SkinShow" md5="0a42bdc50dff98ead0f1f62b6290e8bd" type="0"/>
	<item name="UI_BasicInformation_SkinShow_2" md5="a559af30eb5cd307cb283c838b6cdf25" type="0"/>
	<item name="UI_BasicInformation_SkinSystem" md5="54047c7f5802636026e6efe5247dd111" type="0"/>
	<item name="UI_BattleAchievementShare" md5="e78de0dddd2116f45d4192416e2c5c30" type="0"/>
	<item name="UI_BattleAniEmoji" md5="496b302578c76d9f591eeea9263f9132" type="0"/>
	<item name="UI_BattleAniEmojiGetShow" md5="272fd298b5d611042182b0672ff74048" type="0"/>
	<item name="UI_BattleAnim_HeroList" md5="aef4c3f1cb269312182c002781086bb0" type="0"/>
	<item name="UI_BattleAnim_HeroShow" md5="4c4a44dfe71e88e423f6e8a01d719499" type="0"/>
	<item name="UI_BattleBgEffect" md5="fdad46b2b6198caea6543c5e15159265" type="0"/>
	<item name="UI_BattleCamera" md5="f739a95421592c59abedbcad1aef5df8" type="0"/>
	<item name="UI_BattleChat" md5="5ac2033d370606fb07444a21c7d09d95" type="0"/>
	<item name="UI_BattleCurve" md5="fd6eb136d9e4f4d718b2a5293f228ba4" type="0"/>
	<item name="UI_BattleExperienceReport" md5="88991b8f371a38a4ce85130165824e83" type="0"/>
	<item name="UI_BattleGiftSkill_HeroShow" md5="bc803bbc31d07df6ca3e878358b23fa7" type="0"/>
	<item name="UI_BattleHeroNearby" md5="c1f6a6cbf2b6b12b7fb08e6daa03b524" type="0"/>
	<item name="UI_BattleInfo" md5="d4bcdbc750ceb9626a1af1f5de179a94" type="0"/>
	<item name="UI_BattleLines" md5="535b3114468b5588ff35913c595b3a29" type="0"/>
	<item name="UI_BattleLoading" md5="47a49ad0081fe898904cd367ade50c23" type="0"/>
	<item name="UI_BattleLoadingItem" md5="c71fbf23ff1e0df133189e11316654e9" type="0"/>
	<item name="UI_BattleLoading_GuideLoading" md5="45b3fe9851f20d6036db6544cb1de47c" type="0"/>
	<item name="UI_BattleMessage" md5="27d02efae304e29f2e2c1e71c8489aca" type="0"/>
	<item name="UI_BattleMessageGift" md5="577af7209a300658cfebfb273a276dbe" type="0"/>
	<item name="UI_BattlePerformanceGet" md5="12020491e42dd96fbea023ef67d7a5ce" type="0"/>
	<item name="UI_BattlePerformance_HeroShow" md5="1a6a5b42780271c483d5a92ac3976d1f" type="0"/>
	<item name="UI_BattlePerformance_HeroShow60dev" md5="544bf524391223dc9b16e12135bc1a77" type="0"/>
	<item name="UI_BattlePickupEquip" md5="2ed1bcad852de096f5eae66c4c7f5b36" type="0"/>
	<item name="UI_BattlePlan" md5="7657b4efd9530e6441dd3e2299274e52" type="0"/>
	<item name="UI_BattlePlanReplace" md5="44f858d335049dfade04b2a6eb13669b" type="0"/>
	<item name="UI_BattlePlanWindow" md5="b4b9f0353a453e7a6ca844aeea3ab2ec" type="0"/>
	<item name="UI_BattlePlanWindow_HotList" md5="cafaf891e0f7783eaefded7652e8c12b" type="0"/>
	<item name="UI_BattlePlanWindow_List" md5="2a4cd110254715c5b78e503bcfd0aa13" type="0"/>
	<item name="UI_BattlePlan_HotList" md5="11f359575a06cf7c1fa46f14cf357608" type="0"/>
	<item name="UI_BattlePlan_List" md5="a47eff002791073c17cbecc047f787df" type="0"/>
	<item name="UI_BattlePlayback" md5="6245985c7e5fde9a6d7a1d3c67ac672f" type="0"/>
	<item name="UI_BattleRecEquip" md5="8c1cc8e3d62149726f66f00e486e4244" type="0"/>
	<item name="UI_BattleReconnectTip" md5="e8ca3e6bfe61335febfc8be9904931c7" type="0"/>
	<item name="UI_BattleRenderQ" md5="83bc3daed87f0dcee73eb2b70a51e397" type="0"/>
	<item name="UI_BattleSetup" md5="926ca750fb05400bc458036de46e16d9" type="0"/>
	<item name="UI_BattleShop" md5="ea7fb25d5bf2a74f3df916bb931540c3" type="0"/>
	<item name="UI_BattleShowEncourage" md5="b7770e9076a0a27898b72191ff7dbe0b" type="0"/>
	<item name="UI_BattleShowMessage" md5="ce562364da3955afc4a34de2b55f51c9" type="0"/>
	<item name="UI_BattleTask" md5="c63ed1a09fbf51a56b68cf27cff08226" type="0"/>
	<item name="UI_BattleTeammate" md5="5ef889078338374549e92a2af2f23b87" type="0"/>
	<item name="UI_BattleTips" md5="1005fc4330609c445660a035407e6643" type="0"/>
	<item name="UI_Bgm" md5="5d813918de8be0d19f9d02450186a66d" type="0"/>
	<item name="UI_BgmFix" md5="4b1857ff9f4d4dc6f9139a56820734e2" type="0"/>
	<item name="UI_Big_Award" md5="e0641dd8076f693eb9c5a76586e0df2c" type="0"/>
	<item name="UI_BindAccountAwardShow" md5="4997f2ddbe191dad25886813c9aa2c63" type="0"/>
	<item name="UI_blackscreen" md5="8db9c0e7af320cf3912008bdb41d7727" type="0"/>
	<item name="UI_BoxAward" md5="608bb1301dbab993ed2f34cfc1fe86e1" type="0"/>
	<item name="UI_Button_Hero01" md5="f5310744394aec2b9ab245912423f3fc" type="0"/>
	<item name="UI_Button_Hero02" md5="581afdef02e4a08c627b82334d4b406e" type="0"/>
	<item name="UI_BuySkin" md5="56e4d2d479e1f21cb3eeb69add856a7f" type="0"/>
	<item name="UI_BuySkinTrialCard" md5="d16d89550dbfb4e5292e394e5964b0b4" type="0"/>
	<item name="UI_CardMode" md5="c90eaaaa1890bc9efc56ed0f1eed3360" type="0"/>
	<item name="UI_CDKey" md5="b806462e9a412e98b9c2dcdb26161b09" type="0"/>
	<item name="UI_Certification" md5="28d1675a11dd5abbb1756debbf8c83a1" type="0"/>
	<item name="UI_Champion" md5="b6b4d8157e5c943f2923f4f5f15e4311" type="0"/>
	<item name="UI_ChangeChatBG" md5="73bb813187ac4a348bc8c64463a1dcd1" type="0"/>
	<item name="UI_ChangeEquipPlanName" md5="39f6c754c89eb7383ec4d84ac2aa10c6" type="0"/>
	<item name="UI_ChangeEquipPlanNameTag" md5="13d2f35db1a4761f1cb15e7c60c521b3" type="0"/>
	<item name="UI_ChangeHead" md5="1165235637ef093ef7f5a0870f5949d1" type="0"/>
	<item name="UI_ChangeLocation" md5="d2fcdb77e56514997f204261f741d207" type="0"/>
	<item name="UI_ChangeName" md5="8df39bbe26fd9746927ae5f7fe3d811d" type="0"/>
	<item name="UI_ChangeNameColour" md5="c25b509e52749a09cd8f2bb15188590e" type="0"/>
	<item name="UI_ChangePic" md5="671e1dcc9d7f85a87f33595c0c23ca1d" type="0"/>
	<item name="UI_ChangeRoleWindow" md5="c86a14e38c26776e507b75f87f953904" type="0"/>
	<item name="UI_ChangeTitle" md5="d99299584aeba3afa99d405846be5594" type="0"/>
	<item name="UI_ChanHighAddDate" md5="53dca1b7c1cc8f09bad78c68c4df3504" type="0"/>
	<item name="UI_ChanHighAddDate_Confirm" md5="af8d8f091d827c57bf99b2a863e4028c" type="0"/>
	<item name="UI_ChanHighAddDate_HeroShow" md5="b1610344d3bdd32cd3fd09eae683d00f" type="0"/>
	<item name="UI_ChargeMoney" md5="cda8c8d44f02147dcc42c42822e85a63" type="0"/>
	<item name="UI_ChargeMoneyItem" md5="e6e0112bca2845cf0f50ef926888b302" type="0"/>
	<item name="UI_ChargeMoneyNew" md5="571d2b74864e6142dc56d81c76906ac3" type="0"/>
	<item name="UI_Charge_Ad" md5="7682cbe24ab92b05a5354cc422cc5194" type="0"/>
	<item name="UI_Charge_FirstCharge_2" md5="f3178c27cf45d635cffccceb8fbfe9dd" type="0"/>
	<item name="UI_Charge_GrowthPlan" md5="df7b582b77abcf713c0a994d7fc56ffd" type="0"/>
	<item name="UI_Charge_Interface" md5="e5b069becf765e5d0953c4a05c3b084d" type="0"/>
	<item name="UI_Charge_RenewCharge" md5="04bcc7b77ff6bd4d1941dc09125c9c9a" type="0"/>
	<item name="UI_Charge_SeasonCharge" md5="3c793be98a8af5183d075077818aa6a7" type="0"/>
	<item name="UI_Charge_SpecialBundle" md5="3c41e0852d9e780cbc13ce110bd4b091" type="0"/>
	<item name="UI_Chat" md5="8e09df21a28c905b6b9620dc3225c4c1" type="0"/>
	<item name="UI_ChatList" md5="c63c16a756b4d4cdfe727b221ec8a7d9" type="0"/>
	<item name="UI_ChatTeam_Information" md5="376123a11a44904877432d72e06848d3" type="0"/>
	<item name="UI_ChatTeam_Item" md5="7c96f181f6e4b61309ceae1139c52b44" type="0"/>
	<item name="UI_ChatTeam_Route" md5="8588d55aca16e28c62c132e5c314bc16" type="0"/>
	<item name="UI_Chat_Friend" md5="16abb4187db392b090f3e8b4e59108f7" type="0"/>
	<item name="UI_ChessListItem" md5="b6680cea754a4595b0dba57a33197917" type="0"/>
	<item name="UI_ChessListItem_Vertical" md5="c77b6b8cf336c1a62e1a0b527f909246" type="0"/>
	<item name="UI_ChooseBasicMode" md5="087a9ccbfe4e3af870bfd7926844ef30" type="0"/>
	<item name="UI_ChoosebpComplement" md5="f956818ba220690a7037b53b1ff8fd72" type="0"/>
	<item name="UI_ChooseHero" md5="ab2f2734038a1dd32bacc6faedd67ce2" type="0"/>
	<item name="UI_ChooseHeroBP" md5="790a6e3a759ff63d4eb83e5a0c8d9932" type="0"/>
	<item name="UI_ChooseHeroBP_CHILD_LeftTips" md5="723bfcd93574193da72c7399ff27a021" type="0"/>
	<item name="UI_ChooseHeroBP_CHILD_m_Chat" md5="ef746982f6f9f0c9e2c28a091adb221f" type="0"/>
	<item name="UI_ChooseHeroBP_CHILD_m_chooseHero" md5="dcc8bc147961e8bd27d2f35f03649a58" type="0"/>
	<item name="UI_ChooseHeroBP_CHILD_m_PrepareWar" md5="b61ae11daac8ab98443ef7d4a8591bdb" type="0"/>
	<item name="UI_ChooseHeroBP_CHILD_Team01" md5="3c362f20677581e86c4faf86775632ac" type="0"/>
	<item name="UI_ChooseHero_CHILD_m_Chat" md5="4faa4af8f206ac26b27ec2ba713ef96a" type="0"/>
	<item name="UI_ChooseHero_CHILD_m_chooseHero" md5="40d0179df24b9b1c35924804ed649b87" type="0"/>
	<item name="UI_ChooseHero_CHILD_m_chooseHero_All" md5="5c62b2278a974af55cd2f953ae00d491" type="0"/>
	<item name="UI_ChooseHero_CHILD_m_chooseHero_FL" md5="41047ad4518b42801152ec0332e2f373" type="0"/>
	<item name="UI_ChooseHero_CHILD_TeamHeroList" md5="36673259b552ae804dcbbe49dcafe3c4" type="0"/>
	<item name="UI_ChooseHero_CHILD_ViewLineUpRoot" md5="e40e2d78e854d8b62c9b3a1d44422fde" type="0"/>
	<item name="UI_ChooseLane" md5="b16d24c717767892786f366c475f5842" type="0"/>
	<item name="UI_ChooseMap" md5="286fed76b6c9c298a755f6f33be7600d" type="0"/>
	<item name="UI_ChooseMode03" md5="0bc8f6cc8b5b52e0540c44d0e521b674" type="0"/>
	<item name="UI_ChooseModeInRoom" md5="c9e134441cdec269a52d6d8ec9efa144" type="0"/>
	<item name="UI_ChooseProtect" md5="380124b7020bf89d4357fe5912ac547c" type="0"/>
	<item name="UI_ClaudeGamePlotShare" md5="ff3fc17d5e192244f923cdda99f43bd1" type="0"/>
	<item name="UI_ClaudeGameShare" md5="e73b80eea38b409edccd03889437c960" type="0"/>
	<item name="UI_CleanBattle" md5="fc9559b4d4b3589f07ffc5d4e09830c6" type="0"/>
	<item name="UI_Clearing" md5="e914e723a15b6eb3c3867f64e8951108" type="0"/>
	<item name="UI_ClearingCurrent" md5="4e6899d329d57f5a50ae2eafc111b4d7" type="0"/>
	<item name="UI_ClearingCurrentList" md5="b92fb1df8c78640f7522085645513726" type="0"/>
	<item name="UI_ClearingList" md5="8da850088fd26bb7a1d9552d90ed6dfe" type="0"/>
	<item name="UI_ClearingList_Wide" md5="8526dbe5e8141d5a3da2aa7a9f482166" type="0"/>
	<item name="UI_ClearingMyData" md5="2c6d1fab2b7e5ea124dd4ace3558ba9b" type="0"/>
	<item name="UI_ClearingTeamupRecommend" md5="734c77e93c1697cf97eea228200348aa" type="0"/>
	<item name="UI_Clearing_CHILD_m_Common" md5="0e2901961b896d1e75a1a4adc50adcd1" type="0"/>
	<item name="UI_Clearing_CHILD_m_LeftUtils" md5="cf91ac9bd92bd83eee29f62e6f99e13e" type="0"/>
	<item name="UI_Clearing_CHILD_m_ModeExtraRoot" md5="8161a79fe94c280837dff87389602943" type="0"/>
	<item name="UI_Clearing_CHILD_m_OtherUtils" md5="acf3528b9931ac2c5a3db604418af80f" type="0"/>
	<item name="UI_Clearing_CHILD_m_RightUtils" md5="f20d8a8648e181df82564aa696279219" type="0"/>
	<item name="UI_Clearing_CHILD_m_VideoNew" md5="c210a98bfd1885ee8d9b5d0b20e86192" type="0"/>
	<item name="UI_ClientTask" md5="80302db23382cd2501411ad30bc73658" type="0"/>
	<item name="UI_ClientTaskLane" md5="340b0750d7e61eb75117ee4f00fbb6ac" type="0"/>
	<item name="UI_ClientTask_La" md5="2b6c85c2a6d142c31a79c841929d6e8c" type="0"/>
	<item name="UI_CollectAward" md5="f783b2919bb8fb90a3eaad26bae7a741" type="0"/>
	<item name="UI_Collection" md5="f2801b04e2f8c58260c080ae0ef612a7" type="0"/>
	<item name="UI_CombatExperienceReport" md5="58148ffd125f8578133a1f94a8cb946d" type="0"/>
	<item name="UI_CommonFirstChargeTips" md5="7d5508557b0fc1983cb9856bf880831e" type="0"/>
	<item name="UI_CommonHeroListItem" md5="0c18cdee52bccc3795bf9db36361945e" type="0"/>
	<item name="UI_CommonItem" md5="f9b30d6184b221f9efd3dfd46aec9d62" type="0"/>
	<item name="UI_ConfirmBinding" md5="67e6827aec5ef1b27c01e5e2eec8fd89" type="0"/>
	<item name="UI_ConversionTip" md5="83a765efe768b3d7b13a9a7e58221d31" type="0"/>
	<item name="UI_CostPrompt" md5="85c3c7232f7f80d00cf17311e8b91fdb" type="0"/>
	<item name="UI_CostPromptLua" md5="9e80a845538ae72d1c3720987842136a" type="0"/>
	<item name="UI_CreateRole" md5="0d4ad10e90bdd466d132f0304cac745d" type="0"/>
	<item name="UI_CreditGuide1" md5="6611838d2a034f1dab92eb2bbb75a0bc" type="0"/>
	<item name="UI_CreditSkinGet" md5="1c79470e96611b74f17ca3420c2fb07b" type="0"/>
	<item name="UI_CreditSkinGetDes" md5="f646e833afcbca9761881078d565520e" type="0"/>
	<item name="UI_CreditSkinUnlockRemind" md5="6e9cfe1525251eb194c406538db068a5" type="0"/>
	<item name="UI_CurrencyTip" md5="dcf6648bd925ae38f910f9165b2f22e6" type="0"/>
	<item name="UI_CustomBattleChangeList" md5="ebd46c149f94f5e994fd090bc4376efd" type="0"/>
	<item name="UI_CustomBattleInfo" md5="a2705a288ae28bcbaa8f95499541ebe0" type="0"/>
	<item name="UI_CustomBattleJsonInfo" md5="b36e8523dae8e8d94c786fa337fa45bf" type="0"/>
	<item name="UI_CustomHeroesSetUp" md5="90a5dbe6ebc8475b6541717cebdca43a" type="0"/>
	<item name="UI_CustomSkill" md5="0a773c0cd6b45fc3bcab53f7d9e54c93" type="0"/>
	<item name="UI_DailyTask" md5="e7ae467a5cbc7391a62b8d40a849102e" type="0"/>
	<item name="UI_DailyTask_New" md5="f11547363e5a1bcbb17838f4b51616f3" type="0"/>
	<item name="UI_DawnGuard" md5="5ddb33e39f4f5d58a169729848f5e3d6" type="0"/>
	<item name="UI_DawnGuardPlay" md5="71e6502f3af3484e33d8045689ff046c" type="0"/>
	<item name="UI_DawnGuardPush" md5="a5c6d0986e4fbfefda63f74754f355b7" type="0"/>
	<item name="UI_DawnGuardReservation" md5="1fc995ca04f5b4917b172432fc545d33" type="0"/>
	<item name="UI_DayBreakListItem" md5="6d5db76ab9c11370efae34626fbdc181" type="0"/>
	<item name="UI_DayBreakListItem_Vertical" md5="4e596e26f3098eb1aa95f2d42b4c77ac" type="0"/>
	<item name="UI_DeathReplay" md5="1c64d5fa221a81c7a34480fb81399802" type="0"/>
	<item name="UI_DeathReplayAssist" md5="634e078423a317e95c6a31e61cafc661" type="0"/>
	<item name="UI_DeleteAccountTip" md5="87969daa5ac091cc85e401734d7508af" type="0"/>
	<item name="UI_Demand" md5="15d2ad83e22cffa2920e2000ce1a8c51" type="0"/>
	<item name="UI_DiscountHero01" md5="3d5974564a3c642b2140e2167198ef9e" type="0"/>
	<item name="UI_Double" md5="a2406d9c60855274219eb8681cd19db0" type="0"/>
	<item name="UI_Download" md5="a219e4bf882a887b292fdb214058ec26" type="0"/>
	<item name="UI_DownloadCompletedTips" md5="7ccad6e7ec500119c2e2514c082903ff" type="0"/>
	<item name="UI_DownloadIncomplete" md5="5f37ee039d4fd5e642b2cb87d1e7d8d4" type="0"/>
	<item name="UI_Downloading" md5="e8537011a259251b16cdb52c8f9a75a0" type="0"/>
	<item name="UI_Download_5v5" md5="0f0be2f52583d1e66789b0eca57efb40" type="0"/>
	<item name="UI_Download_Mode" md5="2598e7c9bc0f752eb6e1f57cc5cf84ea" type="0"/>
	<item name="UI_Email" md5="abd267075b4b9c475d6a663eff81dfa5" type="0"/>
	<item name="UI_EmailGiftList" md5="c44d2751b51584a4f25213836cb45ba6" type="0"/>
	<item name="UI_EmailList" md5="a1a363d257778d8b360fd28d6e797f58" type="0"/>
	<item name="UI_EmailWindow" md5="d2b96939ad2dc6f81b56182196ff886e" type="0"/>
	<item name="UI_Emblem2023" md5="4647a989a072f3bb5ff798ec8761fde5" type="0"/>
	<item name="UI_EmblemApply2023" md5="18445ac773217d4fd507005a8e012cdd" type="0"/>
	<item name="UI_EmblemCompensation2023" md5="1bf0d65098b44dd7bedd73cc278eef22" type="0"/>
	<item name="UI_EmblemEdit2023" md5="3a545a94add9bed1c243fe0da3d9c855" type="0"/>
	<item name="UI_EmblemGet" md5="54a86fab040bd6327e98c328ff82ac08" type="0"/>
	<item name="UI_EmblemGiftTips" md5="04bdd6db4c2c7566b81b21c8e0c4adad" type="0"/>
	<item name="UI_EmblemGuidevideo" md5="0e53c3549dbfd6758d0fba7cc0bf0cde" type="0"/>
	<item name="UI_emojiShop" md5="4284ec843a4ffe58a6739173dd5dda18" type="0"/>
	<item name="UI_EquipDIY" md5="8281d1826bbb389633d985574a9b8f92" type="0"/>
	<item name="UI_EquipGodPlan02" md5="8f3da7dd30d6b2ea7dd7335a3311bb99" type="0"/>
	<item name="UI_EquipLibrary" md5="9601dc9060e5fbc6655a7a55b2325418" type="0"/>
	<item name="UI_EquipPlan" md5="7e91707245c6ab4257416e53f2de9870" type="0"/>
	<item name="UI_EquipPlan02" md5="c917885a2e88b453d13156dcde238f2e" type="0"/>
	<item name="UI_EquipPlanPreset" md5="c806dda2a84fba753ac33da26293a9ac" type="0"/>
	<item name="UI_EquipPlanWindow" md5="07adbc4a93d58d5a5a502ee56cd5403e" type="0"/>
	<item name="UI_EquipRec" md5="4e219a0e682b93a28b02d3880ee21292" type="0"/>
	<item name="UI_EquipRecommend" md5="5b6357bcb0a5bdd71fc11bc6ef96b421" type="0"/>
	<item name="UI_ExemptionChoose" md5="107f4a904665b778bd0c66cd9cbc07ef" type="0"/>
	<item name="UI_FaceToFaceChoosemode" md5="58b5d04b21491e77a0989151f269a937" type="0"/>
	<item name="UI_FaceToFacePassWord" md5="886996742ec5128203467a63ac689f0f" type="0"/>
	<item name="UI_FBPopBanner" md5="2f2aaa245933cd6c33c8995436299f9d" type="0"/>
	<item name="UI_FirstLoading" md5="1963e0285a5c6e98a4d758b58419a841" type="0"/>
	<item name="UI_FirstServer" md5="f7161afdef24037fe9221d01282f91e4" type="0"/>
	<item name="UI_FlipActivityAwardPool" md5="81f70f9f878f8130370b3f23e0874fe1" type="0"/>
	<item name="UI_FlyText" md5="c2765d87cf6fd10e07df41be8db24895" type="0"/>
	<item name="UI_FlyText1" md5="a26a4a3eb944a0fb8e9da9754d6807c3" type="0"/>
	<item name="UI_FlyText2" md5="26f1e360bbe42af3d636b36fd4ec06c8" type="0"/>
	<item name="UI_FocusTarget" md5="617a0acd6b09512375a8d9c88d4bd12b" type="0"/>
	<item name="UI_FollowTips2" md5="9688e42b3c67fd53de1d44d0cc5aa1cd" type="0"/>
	<item name="UI_FollowTipsNewBubble" md5="35c853dc49fd1784269a151dd15921fa" type="0"/>
	<item name="UI_FollowTipsNewBubble_tipsNew" md5="fd1fc4e1f85560380ec1d825bc7d5156" type="0"/>
	<item name="UI_FoodFB" md5="6f3b140a19505d280f5b5e23e70d72d7" type="0"/>
	<item name="UI_FoodSent" md5="874ec5efe39c50c541637564cc740cd2" type="0"/>
	<item name="UI_Fortifications_BG_low" md5="ba5223d53c9f9d652ff8d2d7f0f91a03" type="0"/>
	<item name="UI_ForumWeb" md5="08f8809ddbdddf69dfb611e034104c82" type="0"/>
	<item name="UI_FriendLink" md5="9199dac526c4186f4664898d74c68673" type="0"/>
	<item name="UI_FriendLinkListitem" md5="642576d1167af18b07fcd7f72a4254fb" type="0"/>
	<item name="UI_FriendList_Fortifications" md5="e7819ddafdfc8a3d55157f7653ce87bd" type="0"/>
	<item name="UI_FriendList_new" md5="5df56381516f29aa678984789801076c" type="0"/>
	<item name="UI_FriendList_new_CHILD_MiniListGroup" md5="cf821a99d2d459ab045858ac30339ddf" type="0"/>
	<item name="UI_FriendList_new_CHILD_m_EXmenuGroup" md5="52ab8ae68f368c9c48957cbf80109dd0" type="0"/>
	<item name="UI_FriendList_new_CHILD_m_Expand_Friendlist" md5="c30a0ac454287dc855fb6d24fbed89de" type="0"/>
	<item name="UI_FriendList_new_CHILD_m_FriendListPanel" md5="4a834c4f11003f88dc0e953fc4bba06b" type="0"/>
	<item name="UI_FriendList_new_CHILD_m_RecommendFriendListPanel" md5="f63d0b5fdb9028f7acd9959f63c08780" type="0"/>
	<item name="UI_FriendList_TagTips" md5="94fc2d2071a6d2f3ba34b8cc02417c03" type="0"/>
	<item name="UI_FriendPushSetting" md5="4cbf2ab3844788f2db49a989378f5988" type="0"/>
	<item name="UI_FriendsAdd" md5="c020c837d395068092586fb67873b300" type="0"/>
	<item name="UI_FriendsAddListitem" md5="ca1fcf95618ae8a738de98c23e1b2fc0" type="0"/>
	<item name="UI_FriendsBlackList" md5="69dbba01896c9ba8e55a6fd333dd8b73" type="0"/>
	<item name="UI_FriendsCard" md5="66e95aaaaffb6547d90cbc5802335e1a" type="0"/>
	<item name="UI_GeneralAdvertisement" md5="46a8e3aac282098b59ceb4c8f3d5d962" type="0"/>
	<item name="UI_GiftBuy" md5="2c69f2ca371b74a9b64d98503837630c" type="0"/>
	<item name="UI_GiftBuyItem" md5="16415df448d3f9f25670def8a55ee479" type="0"/>
	<item name="UI_GiftBuyPush" md5="c42126c6cfb4febbe629c41806437e20" type="0"/>
	<item name="UI_GiftEffect_Buy" md5="3bf89577311e3f2dc70f1dd0d7b757ba" type="0"/>
	<item name="UI_GiftMessage" md5="e1de4589559b4b2189a83294cea5ff0a" type="0"/>
	<item name="UI_GiveAName_new" md5="0c3e928c0b9730988d9a30c6b0db3579" type="0"/>
	<item name="UI_GM_public" md5="623a2630637125c173191796ec9d3aad" type="0"/>
	<item name="UI_GodBattlePlan" md5="d93bb55d6e08dc3b3c4fba8cea3d2305" type="0"/>
	<item name="UI_GodEquipeShare" md5="3f521acb9c340922c047190143fdd3f2" type="0"/>
	<item name="UI_Grade" md5="dfcdbd4b171df5ef9caa46efddcac253" type="0"/>
	<item name="UI_Grade_Service" md5="d4211a21ff4df146a3dae22f343795fd" type="0"/>
	<item name="UI_Groupinvite" md5="6174aa80f2321998efc3363913a075fd" type="0"/>
	<item name="UI_Groupjoin" md5="0f45fa94c764f5d0fd97b1da0805fd82" type="0"/>
	<item name="UI_GrowTaskNotification" md5="676746ae4df71ab87624946c97c40fcf" type="0"/>
	<item name="UI_Guide" md5="12c974eb97e0686647cdf46fc13fed95" type="0"/>
	<item name="UI_GuideDoubleExp" md5="b01d3633c2bb5879258bd126fc093459" type="0"/>
	<item name="UI_GuideHint" md5="2697eeeb825d4172ffd629ed85cd9548" type="0"/>
	<item name="UI_GuideLine" md5="4ba28bf190d2da2bd5a9323a8e191d7c" type="0"/>
	<item name="UI_GuideTeach_Video" md5="b890984a4d8f9427f139339949b73dbe" type="0"/>
	<item name="UI_GuideText02" md5="d10f6f79f7dc5ceea8be01b303f38f76" type="0"/>
	<item name="UI_GuideText03" md5="7fd4176cac313c7cfa24af55bd3bd14d" type="0"/>
	<item name="UI_GuideText09" md5="d6eb8424062a559f7bfaf9d70886c2e6" type="0"/>
	<item name="UI_GuideText10" md5="1e0d5613b9d3a405d870995c27585a9a" type="0"/>
	<item name="UI_GuideText11" md5="52b15ab13c077ffbb9ab00ae55874213" type="0"/>
	<item name="UI_GuideText13" md5="178b31c5b630d07b597d0b3e1607df52" type="0"/>
	<item name="UI_GuideText14" md5="c282a0bf254afc4283ff7b639ef4ca43" type="0"/>
	<item name="UI_GuideText15" md5="968fdc0dd570408b14e5003f3311a072" type="0"/>
	<item name="UI_GuideText18" md5="812312f0fbc68940ff6ee774c0798e33" type="0"/>
	<item name="UI_GuideText39" md5="b8dffc4a10d034a90141ca4b953846a7" type="0"/>
	<item name="UI_GuideText44" md5="78810c0109521b95c445d0062e9ae42c" type="0"/>
	<item name="UI_GuideText45" md5="f81749ed13d6005b71f7664a200748e1" type="0"/>
	<item name="UI_GuideText60" md5="e1fd0c1f09389ace186cefa6bd9a3270" type="0"/>
	<item name="UI_GuideText61" md5="2ee918d6b435b0e0d2c6d8660a4928aa" type="0"/>
	<item name="UI_GuideText62" md5="96990aaac799a9bfe8b170137ad33f1e" type="0"/>
	<item name="UI_GuideText65" md5="0c4053691a9ca58cd6e49fce4df6c51e" type="0"/>
	<item name="UI_GuideText67" md5="03b76912a663f85f2b9278c1e10907e8" type="0"/>
	<item name="UI_GuideText68" md5="6712fc4d82254d3b65277b5fc047e912" type="0"/>
	<item name="UI_GuideText69" md5="7e557f45fcd59ab8a6fc16630537273f" type="0"/>
	<item name="UI_GuideText71" md5="9e42ce432c485a1fbcb13ecd4b3d856d" type="0"/>
	<item name="UI_GuideText75" md5="a6e99ef5e037d693d170edeb9a207164" type="0"/>
	<item name="UI_GuideText76" md5="2aec284b483a7c0191ddb52f7b9a6972" type="0"/>
	<item name="UI_GuideText80" md5="a326cd4e337aee681b6620906e6e30c9" type="0"/>
	<item name="UI_GuideText84" md5="4863fc8f16d45c17f84502e16dbc8d26" type="0"/>
	<item name="UI_GuideText85" md5="a93b6b2ef821b921509f6afb66070cd8" type="0"/>
	<item name="UI_GuideText88" md5="c4bc62fe15451a209bec5040c1ae099e" type="0"/>
	<item name="UI_GuideText89" md5="31688bde9eba2011599609b60b63a5b4" type="0"/>
	<item name="UI_GuideText90" md5="a8a5c623207f60a18ba572c621454a81" type="0"/>
	<item name="UI_GuideText91" md5="40c729af7fc30670a2c550cc45a26349" type="0"/>
	<item name="UI_GuideText92" md5="c2fbfbc1d8b4b817bf62ca8a084b5a02" type="0"/>
	<item name="UI_Guidevideo" md5="e693db9d07cd4412ef226dc12aaaaed4" type="0"/>
	<item name="UI_Guide_StepSkip" md5="394fdd9477c4c4b0453794117de67694" type="0"/>
	<item name="UI_guide_video" md5="1bceb69fa793940ec7ece1a299290c4d" type="0"/>
	<item name="UI_HeadCutting" md5="3f3791c8cf386c8a5476f8aecd892c51" type="0"/>
	<item name="UI_HeadInfo" md5="599fe3746015c82ccf4188e5fbd18a48" type="0"/>
	<item name="UI_HeadInfoBoss" md5="7c55a6b0c8301baa21e1bc0a4b97fb4b" type="0"/>
	<item name="UI_HeadInfoBuffCreeps" md5="3227f4bf37e285d52929f7f4a5ff46f1" type="0"/>
	<item name="UI_HeadInfoCommonCreeps" md5="7e032d6c71f545118b9c5959eae559da" type="0"/>
	<item name="UI_HeadInfoDefence" md5="d6363a2e690be31afacfa68023f79794" type="0"/>
	<item name="UI_HeadInfoMonster" md5="713a70a6fac0430218538dac0c860fd3" type="0"/>
	<item name="UI_HeadInfoTestRobot" md5="b1b4094e7dbf4a1aec556f60868ae986" type="0"/>
	<item name="UI_HeadInfoTower" md5="b1d9920e7a2ffb13645f5f2917634759" type="0"/>
	<item name="UI_HeadInfoTower_Base" md5="2d64b2e58991f34e6b8194f40f659ecf" type="0"/>
	<item name="UI_HeadInfo_OnlyName" md5="5aa4be94f65f71921e80117bd52aaf6c" type="0"/>
	<item name="UI_HeadPanel" md5="a51424fd25b4324b305fce69113561fe" type="0"/>
	<item name="UI_HeadShow" md5="3be55fcaf922860c587d7f2c77213bb2" type="0"/>
	<item name="UI_HeroAchievementList" md5="8612c239528f1160f432ffe249fed3a9" type="0"/>
	<item name="UI_HeroAndSkin_Buy" md5="f6655bf98c48f552c244f6ee73bbb307" type="0"/>
	<item name="UI_HeroAttribute" md5="4d8adeb5d7991203fcfc776d10372bf7" type="0"/>
	<item name="UI_HeroBase" md5="944b054283181660b345f090c6f77930" type="0"/>
	<item name="UI_HeroBuy" md5="43686b9fa61d66ce45d299123adc3be5" type="0"/>
	<item name="UI_HeroBuy_lua" md5="d74499319f80e1b7c6a505641fdd38c3" type="0"/>
	<item name="UI_HeroCustomization" md5="47fd3a8f319b7cc1b58f9cfa6c157a4a" type="0"/>
	<item name="UI_HeroDataShow" md5="512001fc1475d25a0f4ac0400504c471" type="0"/>
	<item name="UI_HeroGet" md5="d2a9af2900ad43271612929c289fa463" type="0"/>
	<item name="UI_HeroGift" md5="22cd8bafe8fcc2386047b1576f7c4920" type="0"/>
	<item name="UI_HeroHeroSkinAndColor_Buy" md5="2e6c27d32e826a5d3fd40af000f426f0" type="0"/>
	<item name="UI_HeroInformation" md5="5baa5d89ce424f1734926e39ef3fb1bb" type="0"/>
	<item name="UI_HeroInfoTip" md5="cac86a973689e40aa6e00f4bb0cacf2e" type="0"/>
	<item name="UI_HeroList" md5="e21b59bb4a0c74a7e738a6fcec4358ad" type="0"/>
	<item name="UI_HeroList_HeroCultivateList" md5="8f58ea3ade3f4cce69b750703718e3ff" type="0"/>
	<item name="UI_HeroSelect" md5="f5b0b9bdfb3bb973bdb25f83af221604" type="0"/>
	<item name="UI_HeroSelectsetup" md5="fcfead6dd9838d4e8af400341fffae0e" type="0"/>
	<item name="UI_HeroSetting" md5="265a6830ffd5a59eaaea2dcefedd85af" type="0"/>
	<item name="UI_HeroShare" md5="df26ab41fdfe3fa25b471870737cfbab" type="0"/>
	<item name="UI_HeroShowList" md5="ff00f3a8106328a3ed60653e2404647e" type="0"/>
	<item name="UI_HeroSkinAndColor_Buy" md5="d58ef55a2eb4012059741525fa63fb5e" type="0"/>
	<item name="UI_HeroSkinDrawing" md5="7724eb836226f805dabb948dc69a45d3" type="0"/>
	<item name="UI_HeroSkinSelect" md5="492f79395c7fb1ab62a77c001d5bb336" type="0"/>
	<item name="UI_HeroSkinSelectSkinDraw" md5="5c1e65ab2d1a915d43472d3c6cb3063f" type="0"/>
	<item name="UI_HeroStory" md5="2c0278d51ef66da37d32cc195b5a4ffa" type="0"/>
	<item name="UI_HeroStrategy" md5="c679a5befa3a55d68bcc5a461b9c824d" type="0"/>
	<item name="UI_HeroStrategy_List" md5="64e02561eb371f65890989169f61db95" type="0"/>
	<item name="UI_HeroTextChange" md5="5215666e1844f649fa520c1e762608d3" type="0"/>
	<item name="UI_HeroTowerAward" md5="6d92e257c0bdf3d4f7efa41897ce89c3" type="0"/>
	<item name="UI_HeroTowerItem" md5="5315e8abffb4fc2717d1561d2d8fdf4b" type="0"/>
	<item name="UI_HighLevelReward" md5="055410073238ba465e9f1af2c7c23ffc" type="0"/>
	<item name="UI_HistoryRecordListItem" md5="26169784a4ed92df2d5e8392d3bb8ec3" type="0"/>
	<item name="UI_HistoryRecordListItemReport" md5="a43b5b6a15cfa3b93c08c0a81fa9db77" type="0"/>
	<item name="UI_HistoryRecordListItem_Vertical" md5="e1343543ec5e2bbfd1c6d392441b5398" type="0"/>
	<item name="UI_HolyBg" md5="f069c7ccbcb6c984b66e8a9a36302b0b" type="0"/>
	<item name="UI_HotActivityShare" md5="6d4fcba2c73ca7ce5516aa37d6768bfe" type="0"/>
	<item name="UI_IconRenderObj" md5="8ea164f0d86fd50ca72dbdd5821ec8cb" type="0"/>
	<item name="UI_Instruction" md5="fad56dffd704570915cbe769aa17c422" type="0"/>
	<item name="UI_Instruction_CHILD_ActivityOld" md5="3ef158228b8ddeb8e471a482e676872e" type="0"/>
	<item name="UI_Instruction_CHILD_ModeOld" md5="ac1c2b8762bbf539d7160c653d83af62" type="0"/>
	<item name="UI_Instruction_CHILD_SocialOld" md5="b325e98d5c644675bd961b0cf04c0423" type="0"/>
	<item name="UI_Instruction_CHILD_SystemOld" md5="240693ac26b94fdbc9dcebb24f06d2f5" type="0"/>
	<item name="UI_IntegralTask2" md5="0a21ad6e66ac2f82c21bb9568b8e6050" type="0"/>
	<item name="UI_Invitationslist" md5="b0458e44331657794e06282beb90c7ea" type="0"/>
	<item name="UI_Invite" md5="22899db4eb04d095010a7dfc6c419f8f" type="0"/>
	<item name="UI_InviteFriend" md5="c71737583d6aca6cd59c23712f6bd2aa" type="0"/>
	<item name="UI_ItemBuy" md5="ad5dbac70bb6333bc9063842efcb5176" type="0"/>
	<item name="UI_ItemBuy_2n3" md5="de35f196f20c5193fcc4297bbb4d1274" type="0"/>
	<item name="UI_ItemExchange" md5="922656c04e24f1e20b9c7f95d59da94f" type="0"/>
	<item name="UI_Itempresent" md5="8fc901276c4c741bc16abe921a6293ed" type="0"/>
	<item name="UI_ItemSell" md5="26797e636014803ea925b77186ade7e3" type="0"/>
	<item name="UI_ItemShowTip" md5="012532b0f86b08719fd774c165bcde59" type="0"/>
	<item name="UI_ItemTimeChoose" md5="f4c08edad80fca8dff96e61b9a6a9521" type="0"/>
	<item name="UI_ItemTip" md5="cf832f4201df6e617a47e81853a38cd6" type="0"/>
	<item name="UI_ItemUse" md5="d3cacce20beba5a9f15e47804b6ad1f6" type="0"/>
	<item name="UI_JoyStick" md5="e737ff219e2c2a3fde8e0b23a2b651fb" type="0"/>
	<item name="UI_Juhua" md5="9f239f511dbcd8d9a7d18513d057af98" type="0"/>
	<item name="UI_KeySkill" md5="c237581c5a09df8367667904281ed266" type="0"/>
	<item name="UI_KeySkillExtra" md5="8a0efff4e2e03dd030264803529617de" type="0"/>
	<item name="UI_KeySkill_shou_combo_skill12" md5="5670627d16d4a5fa40e5e869c9009f3e" type="0"/>
	<item name="UI_KeySkill_shou_combo_skill123" md5="8737bbc103962700d6be63d61803ad8e" type="0"/>
	<item name="UI_KeySkill_shou_move" md5="9f4b6eef55cb96e3468abd35196fc8d6" type="0"/>
	<item name="UI_Kill" md5="7ec590660006a86a5d203f1d7648da06" type="0"/>
	<item name="UI_LanguageType" md5="1a984d130f5482b279b5411a3e3c754c" type="0"/>
	<item name="UI_LanguageTypeVersionOne" md5="0619f205298acc0bc7e3ce9ebb777c6f" type="0"/>
	<item name="UI_LangkiruvoiceRegionItem" md5="9c97a4eaad49d01f913538d8860a6152" type="0"/>
	<item name="UI_LatinNewHand02" md5="2e2c94b5eaa03cfbc22e8b0e3e2cd777" type="0"/>
	<item name="UI_LegendaryRoad" md5="c22d1d9cef6a5f6cb66833bfcd483a85" type="0"/>
	<item name="UI_LegendaryRoad_RankRoad" md5="f5b1d7be34502f7942931d15d562c42d" type="0"/>
	<item name="UI_LeilaGuide_new" md5="029089ee4335ccee498449a3ceac0385" type="0"/>
	<item name="UI_LetterForPlayers" md5="2778242003ea9d43d6d8bc0de1134bde" type="0"/>
	<item name="UI_LetterForPlayersMail" md5="a38f3be8e0bff6c86ce5d30509b89272" type="0"/>
	<item name="UI_LevelUp" md5="7cb0b62a2667854ca825606af54a9e75" type="0"/>
	<item name="UI_LikeGame" md5="3ab309e03d4886032e2344226927950b" type="0"/>
	<item name="UI_LikeTip" md5="7cef527537aec5b01007c553d8907c32" type="0"/>
	<item name="UI_LiveAnchorShortcutPlay" md5="57b88ae95e3d367e99a9ceb41bc14fed" type="0"/>
	<item name="UI_LiveBattleGiftShow" md5="cefe721cf6f0e805943f3bba551d2344" type="0"/>
	<item name="UI_LiveChatShow" md5="c16da30f41f8c0b8fec1ccdcc6479768" type="0"/>
	<item name="UI_Loading" md5="a6ba89b2b13134a484dc7d86c1aaad3c" type="0"/>
	<item name="UI_LoadingInstruction" md5="51de0046c29025c385fc07fc54ba0ca9" type="0"/>
	<item name="UI_LockHeroSkill" md5="35effd8b13e890b43f60a8538b593c11" type="0"/>
	<item name="UI_LoginTest" md5="3e1798cb92ed82b5e1aeb1ab3a14a838" type="0"/>
	<item name="UI_Logout" md5="76d73abf50d63ec295dd52e513ad5c65" type="0"/>
	<item name="UI_LuckConstellation" md5="50691b5ade517ead1f44d4cb5e37aefa" type="0"/>
	<item name="UI_LuckytreasurePush" md5="9ccee3f0c367e0c3c10ed8264788cbf5" type="0"/>
	<item name="UI_MagicCircle" md5="7849d62d0004fe0793fb32620d970952" type="0"/>
	<item name="UI_MagicCircleList" md5="a909b47787147ddd0faac1fcb09f42bb" type="0"/>
	<item name="UI_MagicCircleShare" md5="63d953603a3f2d5d91d01164c5246a16" type="0"/>
	<item name="UI_MagicShop" md5="36ca58c565ceb2da3ec04ce6e37e3e14" type="0"/>
	<item name="UI_MagicShop2" md5="bd05af75acd85abadf64e1984d6295af" type="0"/>
	<item name="UI_MagicShopNew" md5="606e5d3dea44abb225260faaf328610b" type="0"/>
	<item name="UI_MaininterfaceStart" md5="7a2b798b995531ca33d0883f21c37374" type="0"/>
	<item name="UI_MainInterface_Character" md5="32ac3de31e1aae93c6343c8f437b3470" type="0"/>
	<item name="UI_MainInterface_Fortifications_New" md5="5a8e3aac7ce5eef02af2556d9c55b1ea" type="0"/>
	<item name="UI_MainInterface_GuideInAnim" md5="9f9b715fa5411f18c8f305e185a811ce" type="0"/>
	<item name="UI_MainInterface_ModeChoice" md5="38460e04dcc842e1d0d83c5de91d931e" type="0"/>
	<item name="UI_MainInterface_Socialinfo" md5="6ad388da4b3bede9d83dc01bf185c4fe" type="0"/>
	<item name="UI_MapItem" md5="b9488432bd5df07988a5400c7f74f7be" type="0"/>
	<item name="UI_Matching" md5="a2aabb973b8094eb0034ec4cfe64b394" type="0"/>
	<item name="UI_Matching_Senior" md5="c79924dd325610a1603934c67f770d04" type="0"/>
	<item name="UI_MatchRoom" md5="b8546c36de7ecce9da8f006e79562cb2" type="0"/>
	<item name="UI_MatchRoomWantUse" md5="c183baa3810c21fb9e4f0ae1a851a14a" type="0"/>
	<item name="UI_MatchRoomWantUse_MasterIcon" md5="2190d0b9f8ca8836fd09a43cd34aad1c" type="0"/>
	<item name="UI_MatchRoom_CHILD_m_Button_Chat" md5="6277a843cbd47b5db697d64457b6cd74" type="0"/>
	<item name="UI_MatchRoom_CHILD_m_otherTips" md5="ee1cb14eca72c73fecbc372f11509468" type="0"/>
	<item name="UI_MatchRoom_CHILD_m_Player01" md5="06d3f49bf9cd5e99382411e809c9e1a1" type="0"/>
	<item name="UI_MatchRoom_CHILD_m_TablePos" md5="2df8f48e3950ab9613a388c2ac7417ec" type="0"/>
	<item name="UI_MatchRoom_CHILD_m_viewTips" md5="9910ab14667befab4e5c6dce3fe4fdbb" type="0"/>
	<item name="UI_MatchRoom_Custom" md5="c57c79105980f893bebbbda94de7ef78" type="0"/>
	<item name="UI_MatchTime" md5="96393c602d465d67db9ed87f8ed4905d" type="0"/>
	<item name="UI_MedalBox_Rule" md5="357a51eb4682e55b2ec1ada7a6271be2" type="0"/>
	<item name="UI_MentorRecommend" md5="5808ef427eee2615d8f7eb492be51231" type="0"/>
	<item name="UI_MentorSysRequests" md5="034e5f775bb0e3ccf3c6eef98a07c752" type="0"/>
	<item name="UI_MentorSysRequests_tipsnew" md5="aeeed14075aaadcb4e699fa1cce9dec3" type="0"/>
	<item name="UI_MessageBox" md5="bea67cf190f155ffc822b5f990161089" type="0"/>
	<item name="UI_MessageTip" md5="97fbaec53fe39c369238d24768f809bf" type="0"/>
	<item name="UI_MiniMap" md5="3bdbf32b01d72a716db301c88f3de51e" type="0"/>
	<item name="UI_MiniMap_ToolButton" md5="f1356209c68d8cecbeb4ae8eea6f5182" type="0"/>
	<item name="UI_MLBBLicensedTTgames" md5="19dc0959a9d8c30bd0d679fac34dc93d" type="0"/>
	<item name="UI_ModeAdverTise" md5="ba8d8df3a5309956b14227208b89bc0f" type="0"/>
	<item name="UI_ModeCollectionCommonInfo" md5="2ff01aa2b9995ee58470e6d4c363633a" type="0"/>
	<item name="UI_ModeCollectionCommonInfoNew" md5="fc9a9b0ff6a227a8255098b7a1f9c099" type="0"/>
	<item name="UI_ModeCollectionItem" md5="853cf5055e85a5ed2a374d8e783b7332" type="0"/>
	<item name="UI_ModeCollectionItemNew" md5="4db17d3334d0a801930be7e6b44c954d" type="0"/>
	<item name="UI_ModeCollectionMain" md5="86fac460db5687f40c1c9faa33d29aab" type="0"/>
	<item name="UI_ModeCollectionMainNew" md5="136f9f103115ed37fdf368e917be9433" type="0"/>
	<item name="UI_ModeCollectionScore" md5="2626a3b290a813241561fbe6c62a3526" type="0"/>
	<item name="UI_ModeCollectionScoreMessage" md5="b26d064c42feb27aa372f2f17abd5125" type="0"/>
	<item name="UI_MTAgreement" md5="07265fe24ffc362a52fcbc929a58506b" type="0"/>
	<item name="UI_MyDataShare" md5="35c97376ced9741d2171502a4c1cfc8a" type="0"/>
	<item name="UI_MysteryList01" md5="c032e78a08307c20c743a6952e65140c" type="0"/>
	<item name="UI_Nationality" md5="38d3b827ff8e0f7b03a6632968ac3fad" type="0"/>
	<item name="UI_NetworkDetection" md5="de0126cc4ebc430413cfa10a1a5c2576" type="0"/>
	<item name="UI_Newdiscountmall" md5="d4ee3a83a56fdeefcfe90403756e3414" type="0"/>
	<item name="UI_Newdiscountmall01" md5="d9d803a163a70510ec73b15a17a6291a" type="0"/>
	<item name="UI_Newdiscountmall02" md5="0846be9d28ae9cdce609d91c9fd4d15f" type="0"/>
	<item name="UI_Newdiscountmall03" md5="5a754d71509674b634e3247e1559a370" type="0"/>
	<item name="UI_NewHeroShare" md5="07b7cedba7045f8b8df58924bbd95f7a" type="0"/>
	<item name="UI_NewLuckyGift" md5="2e9b85ff9def6e4ee12b8843e8e72617" type="0"/>
	<item name="UI_NewModeList" md5="531ce3fb71f603ec2ea35b57d13143bb" type="0"/>
	<item name="UI_NewPlayerDraw" md5="9f8ab6b3a2b8ad75c6101ac2ea6ddf43" type="0"/>
	<item name="UI_NewRankingBuySkin" md5="fbf922ef9c0e801e5e266fe0e9dfe415" type="0"/>
	<item name="UI_NewShopItem" md5="40af29d83180fe3104b63689856fa55e" type="0"/>
	<item name="UI_NewShopItemNew" md5="7cc88cff8f3c02370600cdb13dc35127" type="0"/>
	<item name="UI_NewShopItemNew03" md5="654fb956cc767c74107bb41ba8c1090d" type="0"/>
	<item name="UI_NewTargetPush" md5="29e2a43e3df571b21939cce88a8a77e6" type="0"/>
	<item name="UI_NimoTVLive" md5="1440e9bcba5df2c73724e0cfc6e0581c" type="0"/>
	<item name="UI_NotificationShow" md5="f6e46a983bfa64f07f5233b997fdbdce" type="0"/>
	<item name="UI_OfficialMedia" md5="6499608279be0fd84450a84b8d9d6abb" type="0"/>
	<item name="UI_OfflineMode" md5="753fdf9d5b498c199011dc0eebce6f21" type="0"/>
	<item name="UI_OptionalGiftPack_Winow" md5="f3f5727e52972576085a80cf38c062ef" type="0"/>
	<item name="UI_OutLiveMenu" md5="cb0ca1691597aa899ff8ee938153098e" type="0"/>
	<item name="UI_PartyModeListItem" md5="d59e76f3d3127f7a0c74bca3f1a98097" type="0"/>
	<item name="UI_PartyModeListItem_Vertical" md5="096b00f77b3a0b1edade1b886c8dc260" type="0"/>
	<item name="UI_Pause" md5="930542f86c783ccafad26abc1ad97d11" type="0"/>
	<item name="UI_PayChannel" md5="78fe282a4d887d3fddb251472afee8ee" type="0"/>
	<item name="UI_PerformanceAnalysisTool" md5="639e5dabac8b2a25754d6e16ec20a7b2" type="0"/>
	<item name="UI_PersonalDiary" md5="8bb1157684606641ac7726b8b574d836" type="0"/>
	<item name="UI_PicInstruction" md5="5b949996984478e6860cb9a80b274565" type="0"/>
	<item name="UI_PingTips" md5="9fc939eefced4cdfac46a3835cf9e3fb" type="0"/>
	<item name="UI_PlayerBack" md5="1abe030f5d27373a94905eb16baf8c38" type="0"/>
	<item name="UI_PlayerInfo" md5="b9961e2872dcf5fcfeb49a820ce0c84b" type="0"/>
	<item name="UI_PlayerSelfLevelChoose" md5="74938f86222814ea44e20836c570d067" type="0"/>
	<item name="UI_PlaylistGroup" md5="792b8628fe05dfab3752868f23d5a65d" type="0"/>
	<item name="UI_Policy" md5="d6c1c56c69597f784323e511fc457896" type="0"/>
	<item name="UI_PowerCahrgeTip" md5="285bed3776bd7fa6ec576b7f2d9a93ba" type="0"/>
	<item name="UI_PowerTip" md5="6354fcc5e56396ee88f7b1056a4c950f" type="0"/>
	<item name="UI_PreAtlas" md5="8533cf7258caddcee7ba1ed977a761bb" type="0"/>
	<item name="UI_PreDownload" md5="fff971485e7bf8d8ab9357052a7684bc" type="0"/>
	<item name="UI_PreDownload_Fullsc" md5="d6855e00b2d6791938a636bfe7f3170c" type="0"/>
	<item name="UI_PrepareWar" md5="d46406cd808a10bef01d7d8187a8c8b1" type="0"/>
	<item name="UI_PrepareWar_ArcadeChangeList" md5="58efb0f106abf52cc9613f1cb2f5a9d7" type="0"/>
	<item name="UI_PrepareWar_ArcadeRoot" md5="b342e2c88b239e003547bfe9f1b67c2e" type="0"/>
	<item name="UI_PrepareWar_Arcade_MapGet" md5="47659697b0434cf70d2bd0e30cb8f5bc" type="0"/>
	<item name="UI_PresaleShare" md5="0ceb74e37e3d7e74f6a47182dcca173a" type="0"/>
	<item name="UI_PresentButtonList" md5="3710366e8257994b66aab036aade1d32" type="0"/>
	<item name="UI_PresentItem" md5="0599e945197740e6e84fc9b104166933" type="0"/>
	<item name="UI_Pre_Invite" md5="cb6a09f319c884e9885a77d8b11c3e72" type="0"/>
	<item name="UI_Pre_InviteTip" md5="a87c4c3bf5c084afe0530ca32fee2f03" type="0"/>
	<item name="UI_Pre_InviteTip_tipsNew" md5="076e78eeb52efb2eb2d9d56417f1aea1" type="0"/>
	<item name="UI_PrivacyAgreement_Pop" md5="a82e62445bec89204de9d577c658d418" type="0"/>
	<item name="UI_Prompt" md5="cc094fe15f75a0d71dfd8b0e97fbc44f" type="0"/>
	<item name="UI_propagate_Video" md5="5f24dfcf47ed5cacc24af3dfee000317" type="0"/>
	<item name="UI_ProsecutionFeedback" md5="95c475cec4eea3ce0fe0945245403c1f" type="0"/>
	<item name="UI_ProsecutionPrompt" md5="369b5a1bdf2b6441ad685d3e11a9109d" type="0"/>
	<item name="UI_ProsecutionPromptHome" md5="892be41383fd31322bc3c9138db88f1f" type="0"/>
	<item name="UI_PushAdvertisement" md5="c2291df8feaceb9b3d6ad2551e5e6b07" type="0"/>
	<item name="UI_PuzzleFB" md5="9c5f5767f3da8b6f9653a2d0ebd616cb" type="0"/>
	<item name="UI_PuzzleReward" md5="00bacccc8fe2ccfca15852ee92222b1f" type="0"/>
	<item name="UI_PuzzleSendMessage" md5="79cd781982f71a0f2b8092db5ecddf29" type="0"/>
	<item name="UI_PuzzleSent" md5="ac3023c5445ab0bf9e8d697924915af1" type="0"/>
	<item name="UI_QRcodeLogin" md5="6c48b22c39692c0c1137ffef977ab84b" type="0"/>
	<item name="UI_QuickTipsNewBubble" md5="0e93dd4dcc5dd75d6968919ee6df4bf4" type="0"/>
	<item name="UI_QuickTipsNewBubble_tipsNew" md5="258a96fba99af105e5fe35c01a0b12f9" type="0"/>
	<item name="UI_QuitSquardSystemTip" md5="248de74f7b75046a08911d3efb96853c" type="0"/>
	<item name="UI_Race_GuessingWindow" md5="b656d51d17e6827fdc898bb3d2e61c6c" type="0"/>
	<item name="UI_Race_MPL_GuessingWindow" md5="97999c34fcd80bd295b10effd859b5bb" type="0"/>
	<item name="UI_Race_New" md5="afc75814529948daacbaf26515256dbc" type="0"/>
	<item name="UI_Race_NewChooseCountry" md5="64a7d1a7f6680f5b45fe4db93204f471" type="0"/>
	<item name="UI_Race_NewShop" md5="235b39733cc9570a24553e4443e25887" type="0"/>
	<item name="UI_Race_New_Bet" md5="20526fa244eebbdde8c4430f868d52dd" type="0"/>
	<item name="UI_Race_Web" md5="1f6fea4125501604895b1a252b2b739a" type="0"/>
	<item name="UI_RankInvitationTip" md5="22fe8f71cca169ee4a69379fea6cd6a1" type="0"/>
	<item name="UI_RankLevelShow" md5="50b8443d8187bfd30b88d25145f7388e" type="0"/>
	<item name="UI_RankLevelShow_CHILD_m_Myth" md5="127a369420647eca85ce630b0de4a572" type="0"/>
	<item name="UI_RankLevelShow_CHILD_m_ShowPos" md5="b438be868c2ac1f1328a452dba89e97e" type="0"/>
	<item name="UI_RankLevelShow_rankroad" md5="934e248409018494e387bcccf14a3be4" type="0"/>
	<item name="UI_RankMatchShow" md5="8d508aee3948c6b976995951c1587471" type="0"/>
	<item name="UI_RankSeasonAwardShow" md5="5c6ce5fbd1efd08cb2179f3cf925ed9a" type="0"/>
	<item name="UI_Rankseason_Video" md5="86ca17d0958dbae35bcb8d3049a9ebb5" type="0"/>
	<item name="UI_RankStart" md5="e824370a74c9b11356b2c746e964e7db" type="0"/>
	<item name="UI_RateHero" md5="e438057424c630c7f4196f1c2a5b17bc" type="0"/>
	<item name="UI_RecommendNew" md5="cec54d9451337d1491c8dd1a65ed8a34" type="0"/>
	<item name="UI_ReconnectTip" md5="bb167ef589d09a7e01590f41ae608bd2" type="0"/>
	<item name="UI_RecordAndPunish" md5="e1ae62bda3b9d1a2a696b0e04e76f7d4" type="0"/>
	<item name="UI_RecruitFriend" md5="1645e5b070af1cfd0f7e1405b6059633" type="0"/>
	<item name="UI_RecruitFriendlist" md5="06a095d7c84ac0e436e892e173c6cc8d" type="0"/>
	<item name="UI_RecruitFriendPopup" md5="a8c6f34db1e995f3e71c66629e4043d7" type="0"/>
	<item name="UI_RecruitFriendPopupNew" md5="ae35aa7b824840a1bcc113ac3605aa6f" type="0"/>
	<item name="UI_RecruitHall" md5="f3903e48a6f6101de9aa1e893aa39ab1" type="0"/>
	<item name="UI_RecruitList" md5="bd1f481c0e024155dae9dad475c43f86" type="0"/>
	<item name="UI_RecruitPubic" md5="2a11ecb939d67e17e9b34e04b3dd7194" type="0"/>
	<item name="UI_RegionList" md5="1d8aa3f0ba688aec16ee1c623e50e902" type="0"/>
	<item name="UI_Register" md5="9d115e4777827d34754f11f6047d34a6" type="0"/>
	<item name="UI_Remake" md5="9d12730b1bbb0fb8cabc9e8f0489c969" type="0"/>
	<item name="UI_RemarkFriendName" md5="40112c6805ec4a4d46f56b351fceacef" type="0"/>
	<item name="UI_Report" md5="21bac2c2c2e03d417e78acf52f3e72b2" type="0"/>
	<item name="UI_ReportDetails" md5="6843b701294566f51de7211c2e42e8cc" type="0"/>
	<item name="UI_ReportNew" md5="afbb5bdf3cf8540e2a56f083db618a5f" type="0"/>
	<item name="UI_ReputationTip" md5="fd8ab3855d97a68477038d7b48fcb836" type="0"/>
	<item name="KirujiForRyu" md5="d15dde6fb2f45a5a11a5b311a3073971" type="0"/>
	<item name="KirujiForRyu" md5="a40f149d9a4c14c34b307a1d31a8019c" type="0"/>
	<item name="KirujiForRyu" md5="29086df39a1893f31d94ff07f7f21e15" type="0"/>
	<item name="KirujiForRyu" md5="588c757b6af64e7693f89cdbb70721ad" type="0"/>
	<item name="KirujiForRyu" md5="90c442aea7861f476d30cc2fa7370545" type="0"/>
	<item name="KirujiForRyu" md5="a2bec8caba66f207c4e432b88f1b5462" type="0"/>
	<item name="KirujiForRyu" md5="424bf1875aab70793d55d19c12861bb5" type="0"/>
	<item name="KirujiForRyu" md5="6e0cb4f54ce28850a073703faaf13ae8" type="0"/>
	<item name="KirujiForRyu" md5="011f2046cd19000b7bee2d1f246110da" type="0"/>
	<item name="KirujiForRyu" md5="ddf96654df2425d0c0decbb68b2d0a5c" type="0"/>
	<item name="KirujiForRyu" md5="38cc1594b0730f71b77ced0b8f83bde1" type="0"/>
	<item name="KirujiForRyu" md5="995ecf9da9a7726ed9a9dd61fb626771" type="0"/>
	<item name="KirujiForRyu" md5="c963c1539fd44ac2a9112be38b31f35e" type="0"/>
	<item name="KirujiForRyu" md5="6bd6f7b2132208e0d7b013eb0c6b022d" type="0"/>
	<item name="KirujiForRyu" md5="fb33a7c33b5c2502709415682689216f" type="0"/>
	<item name="KirujiForRyu" md5="37084bb0108f2c3de72adea6a338f9a7" type="0"/>
	<item name="KirujiForRyu" md5="eebfd005e0aa5c207455164bf271b8ce" type="0"/>
	<item name="KirujiForRyu" md5="415d96f2decce34699d520ed35e74597" type="0"/>
	<item name="KirujiForRyu" md5="1d4952f2a7fc2523b00903fdb8b14f9b" type="0"/>
	<item name="KirujiForRyu" md5="da3e7403b8b86c0d8dff71e720ace1d9" type="0"/>
	<item name="UI_Return" md5="00521a069b2b09d05bfcd9b334fd1132" type="0"/>
	<item name="UI_Returning2023_Act_Base" md5="0c5132018a1c609396b4ffffb1bc94a3" type="0"/>
	<item name="UI_Returning2023_Act_BattleBonusNew" md5="b8e4f4d16d34dd8fce162dcaa04ba6a6" type="0"/>
	<item name="UI_Returning2023_Act_Privilege" md5="c584ca939003439c3d098bfcd88b0ae7" type="0"/>
	<item name="UI_Returning2023_BP" md5="bbb0167a78a1d289c83f683a8fe34df1" type="0"/>
	<item name="UI_Returning2023_SignIn_V3" md5="8fb75fb19568046d25fc0323a2f60b17" type="0"/>
	<item name="UI_Returning2023_Welcome" md5="acc0445e49d01c51a522752246750892" type="0"/>
	<item name="UI_ReturningDownloadingAwards" md5="92648ae649316bcb159fed3fdb9d3bb6" type="0"/>
	<item name="UI_ReturnToRoom" md5="5a61ae75e9f4a9ae35734095183556b6" type="0"/>
	<item name="UI_RewardShow" md5="7f8eb6e64b488af829ce83faa7e5fb97" type="0"/>
	<item name="UI_RFmyInvitee" md5="6385b386f1190e9f568b7d6054df17e7" type="0"/>
	<item name="UI_RiskAccount" md5="51b24e0bdb17a2743347c68644f556e0" type="0"/>
	<item name="UI_RivalsOneShare" md5="f656f0b51d4d0462c08e15d6d07e4e0a" type="0"/>
	<item name="UI_RoadSort" md5="a56f93f008156b11db2b71f991a76290" type="0"/>
	<item name="UI_RoleExperienceCard_Popup" md5="01227fe870b0152b012fc16427c21f1c" type="0"/>
	<item name="UI_Rule" md5="93aa2473a68034c48815b06f29344a7a" type="0"/>
	<item name="UI_ScenesLoading" md5="61afd4a8794a69702fe71128eefe5249" type="0"/>
	<item name="UI_ScrambleListItem" md5="bc25bf9dc3fd842194ed0c99f5f75953" type="0"/>
	<item name="UI_ScrambleListItem_Vertical" md5="acf56a88fe117efd5bbefe80f0df1ea9" type="0"/>
	<item name="UI_ScrambleMode_TargetShow" md5="94a53fa9ee592dc25eaa203630974267" type="0"/>
	<item name="UI_ScreenBg" md5="c29a4e8ac6152af139a50e5bfc8d44ef" type="0"/>
	<item name="UI_ScreenshotPop" md5="240e0a24de4c6ca4510c265ac60b940b" type="0"/>
	<item name="UI_SDcard_Send_res" md5="9c268880bb0c80910b1d85caa6385daf" type="0"/>
	<item name="UI_SeasonCharge" md5="8511b22373ea488937e2f54565fdde48" type="0"/>
	<item name="UI_SecondPSWTips" md5="4b521977c89af9f925bd68916c0948eb" type="0"/>
	<item name="UI_Security_PopUp" md5="f7b4b9ca208b9e47e7e699de0a5467f1" type="0"/>
	<item name="UI_Security_PopUp_TTaccount" md5="bd82c0fb24c8e889785f1f08d84d1778" type="0"/>
	<item name="UI_SendBPShare" md5="b43997276b77f1fc722fd312e871cde8" type="0"/>
	<item name="UI_SeniorShare" md5="d1b57ad590111105ed02bee84d04ef17" type="0"/>
	<item name="UI_ServerListLogin" md5="a6a0243751a0872237ef588c82315289" type="0"/>
	<item name="UI_ServiceAgreement" md5="b75c22a08c8e716f01b41a675bd6021c" type="0"/>
	<item name="UI_SettingEquipmentTips" md5="a52e5491da88d7225f64184aa98652cd" type="0"/>
	<item name="UI_share" md5="3e98ea3681e08e9636709e8394aca0a4" type="0"/>
	<item name="UI_ShareConfirm" md5="5449bd59a83adef79aa8892158be2ac2" type="0"/>
	<item name="UI_Shop" md5="aa4845aeff9021d301d25392dbc2cc32" type="0"/>
	<item name="UI_ShopHero" md5="ced48d355c24ade128f5b44fa7898a67" type="0"/>
	<item name="UI_ShopHeroHot" md5="5d92c2c605238361e9bcb768b69196a5" type="0"/>
	<item name="UI_ShopHeroMore" md5="31faf0cdeec41f17eee63ac3063c5fac" type="0"/>
	<item name="UI_ShopHeroNew" md5="cd9de627dc74bd26fc0e0492f1ec81a9" type="0"/>
	<item name="UI_ShopHeroRecommend" md5="07c0f4ae5a40fb27710ec29c82fad8ec" type="0"/>
	<item name="UI_ShopItem" md5="72e0ed383463f5522fbacaba913cc010" type="0"/>
	<item name="UI_ShopItemHot" md5="c4ff1ae2d6cd8a36cdef654ed5bebb55" type="0"/>
	<item name="UI_ShopItemMore" md5="02e57e462a584a3b2bd0a9204b176b2e" type="0"/>
	<item name="UI_ShopItemNew" md5="6fca35b7eb60d71af051ab72b3e063da" type="0"/>
	<item name="UI_ShopLive" md5="f12104cbb48e68b581f4c70dcdb7cf57" type="0"/>
	<item name="UI_ShopLivePush" md5="4f65b97421950015b8b8113e5ccf904f" type="0"/>
	<item name="UI_ShopLive_Popup" md5="373efea50f20cd1ae6b82f3961894435" type="0"/>
	<item name="UI_ShopSkinUpgrade" md5="487d58329fe84b564a78a05a481cae33" type="0"/>
	<item name="UI_Shop_Lottery" md5="f880bed6506d91874d7cd0e157b26496" type="0"/>
	<item name="UI_ShortCut" md5="0cac64ed9aedaef78c314e31d83a84d7" type="0"/>
	<item name="UI_ShowEntiyExtra" md5="1d93b18694f735f17a0dbe49dacce850" type="0"/>
	<item name="UI_ShowTower" md5="d66911245c81b4ddf1abb4e67d5c20de" type="0"/>
	<item name="UI_Skill" md5="87ecad58ff3aece39e34fcae74bdd87c" type="0"/>
	<item name="UI_SkillGuideTips" md5="adf61ffe7b0198e13ab62eba82eb14a9" type="0"/>
	<item name="UI_SkillInformation" md5="5fa65e29dc0dce286a3fc0ea660b91d3" type="0"/>
	<item name="UI_SkillRecord" md5="e7a874c36b9d87712a4dd73bee145416" type="0"/>
	<item name="UI_SkillRecordNew" md5="e8ee98183bda59f500ed73769445677e" type="0"/>
	<item name="UI_Skill_Hero32" md5="b2017ab72408fecb3db6edb0367b50ec" type="0"/>
	<item name="UI_SkinCollectShare" md5="0fac5498dbeb6e72c8f3a0c4be61fd72" type="0"/>
	<item name="UI_SkinColourButton" md5="9c72bccccd9dae563430835f77869ed6" type="0"/>
	<item name="UI_SkinGift" md5="608e9b15a863e5456fc7044231a42ffc" type="0"/>
	<item name="UI_SkinItem" md5="c099c7481e4f14ef38c23e407a3e5a58" type="0"/>
	<item name="UI_SkinPresent" md5="ba5815053ad373ef05db62802a8402a4" type="0"/>
	<item name="UI_SkinPresentFriends" md5="fc18e7ea3bc0c5e1d198c6d86fcbe555" type="0"/>
	<item name="UI_SkinPresentFriends01" md5="4abc0894c9c02ef135a55b6238a9768b" type="0"/>
	<item name="UI_SkinPresentFriendsListitem" md5="0114b0cd6f2a347d5ce4d4ae8bc90988" type="0"/>
	<item name="UI_SkinPresentMessage" md5="0ffa56154c7f4abccdc092e6a15ce85f" type="0"/>
	<item name="UI_SkinShow" md5="7b7427b6248b335d1d89ee026dc8abae" type="0"/>
	<item name="UI_SkinShowSelect" md5="7d010dd8c6b599d006abb0b141a131e6" type="0"/>
	<item name="UI_SkinSystem_Setup" md5="9ee137e144c0dc2e3ac34a530d4c16dd" type="0"/>
	<item name="UI_Skin_Preview" md5="28886c8fa8b0ac3534de8040022cdb0d" type="0"/>
	<item name="UI_SkirmishHero" md5="c19baed2132bb33fb87ece491ddca3cb" type="0"/>
	<item name="UI_Social" md5="e9cf7a8aa47482d240ac4a5ab0c5c799" type="0"/>
	<item name="UI_SpecialEffect" md5="8020906bd6c7b5832c0bd0db5f090637" type="0"/>
	<item name="UI_SpringShare" md5="bcca22c968934d789694c26e3c87f7be" type="0"/>
	<item name="UI_SquardRequests" md5="d84bbb990bf347a02ce3270cae4cae31" type="0"/>
	<item name="UI_SquardRequests_tipsNew" md5="5ac06c6d23d4277246d98e7e6ecb7b8c" type="0"/>
	<item name="UI_StampsTake" md5="68f933089c1fa43be9d3202eb9736a61" type="0"/>
	<item name="UI_Summerdata" md5="a9b9aefcc47e9cf3be7be46f49176258" type="0"/>
	<item name="UI_Summerdataout" md5="11db9b869465096a157fafd08a02faa0" type="0"/>
	<item name="UI_SummonSkill" md5="312841d11851e81488bacc5427dce120" type="0"/>
	<item name="UI_SurvivalMode_BattleInfo" md5="93f3134cdf95ac88d2ee29ef2c04be5c" type="0"/>
	<item name="UI_SwitchHero" md5="6a677a534ac91a50425f540c27ad7c6a" type="0"/>
	<item name="UI_SymphonyFlist" md5="a1059800f6ec95829c20e3959c8b465a" type="0"/>
	<item name="UI_SymphonyShop" md5="3234fff1da2203e9e9a98753e0b69609" type="0"/>
	<item name="UI_SystemChooseTip" md5="e033a595b23f6ae4948e4f0171564b39" type="0"/>
	<item name="UI_Systemself_quertyfunction" md5="d65fa34edeb6ad1345a9cd38952cab20" type="0"/>
	<item name="UI_SystemSetup" md5="c231c8aec9913931d81367525195da42" type="0"/>
	<item name="UI_SystemSetupTips" md5="8f065f253bf8f5b1b15e24ce735def59" type="0"/>
	<item name="UI_SystemSetup_BasicSettings" md5="b94a8869aeba8feb3ea79f4d04ee5390" type="0"/>
	<item name="UI_SystemSetup_California" md5="d272efbaeab753d5fbee0f6c190a6082" type="0"/>
	<item name="UI_SystemSetup_InterfaceSettings" md5="42227a94953cb3cf111a1222d44c3f63" type="0"/>
	<item name="UI_SystemSetup_NetworkSettings" md5="ce8d43e191e46603755b1b66ceb9e694" type="0"/>
	<item name="UI_SystemSetup_Notice" md5="a00346313ab42b827db77578062035ab" type="0"/>
	<item name="UI_SystemSetup_OperateSettings" md5="9d598ed040696f9a0b415dc5034b21f1" type="0"/>
	<item name="UI_SystemSetup_Privacy" md5="60a5ad7bba92c8de23ebc8198210cce0" type="0"/>
	<item name="UI_SystemSetup_PrivacyManagement" md5="5779cfa9f962579b723b823e77196a51" type="0"/>
	<item name="UI_SystemSetup_Resmanage" md5="888909b23e8bf0f64d0ba517b3d21a1c" type="0"/>
	<item name="UI_SystemSetup_ResmanageContent" md5="8e96a07b5759d19e9bbbf6b66d180952" type="0"/>
	<item name="UI_SystemSetup_SideMarginSetting" md5="364aa5e876192256b185673d8be16284" type="0"/>
	<item name="UI_SystemSetup_SoundSetting" md5="10a8cb7416bfd7665b84518db3148901" type="0"/>
	<item name="UI_SystemTip" md5="dc42de31beaba66418cb200b65875528" type="0"/>
	<item name="UI_SystemTipCommon" md5="c024fb1667df9c0efff6fa9af3365b0d" type="0"/>
	<item name="UI_SystemTipCommon_Vng" md5="4c6357a47e699079b81c0fb6f7ef9262" type="0"/>
	<item name="UI_SystemTipFreeze" md5="d0903a7adbc3af38cfcbe9107c3a5bac" type="0"/>
	<item name="UI_SystemTipiOS" md5="08af667372ddf4923edab9df42537355" type="0"/>
	<item name="UI_SystemTipPermission" md5="956e7044c151f95ea6734fc3e48b58ad" type="0"/>
	<item name="UI_SystemUnlock" md5="0175500155a2b848995c0a352abd895f" type="0"/>
	<item name="UI_SystemUnlock_new" md5="56652b1acdfdd69a2371868823f9b373" type="0"/>
	<item name="UI_Targetpro" md5="16f01c78aea42084f4b12db1fafcdadb" type="0"/>
	<item name="UI_TaskActivity" md5="b4b92b4e0c1a010b6896c2e840a0eef8" type="0"/>
	<item name="UI_TaskActivityNew" md5="bb767b18e0b70f10cc1e95f5be125f0c" type="0"/>
	<item name="UI_TaskAwardShow" md5="5c55a4641ab19c5a14c9c8dcc2e508a1" type="0"/>
	<item name="UI_TaskNotification" md5="62e27b3a6c4eddb1dbd4b1b58647af83" type="0"/>
	<item name="UI_TaskPush" md5="7f73e3d397c6c8d985b90b506e0353c1" type="0"/>
	<item name="UI_TaskPush_tipsNew" md5="39b55ca420a3bb4b2d3767332c0bd6fa" type="0"/>
	<item name="UI_TeamCard" md5="67c0783e3403e29678be4fe42bd05075" type="0"/>
	<item name="UI_TeamInvite" md5="fd0492fae2c92c06534396071a1f99f3" type="0"/>
	<item name="UI_TeamRace" md5="147c9a7d568c1784e47319d95ece57bf" type="0"/>
	<item name="UI_TeamRaceSetup" md5="b07252866d474436237ee2b2c06992b4" type="0"/>
	<item name="UI_TeamRecommendBubble" md5="42c8961e83441afa85e86e9e7c6248be" type="0"/>
	<item name="UI_Teamkiruvote" md5="4e20af4709d13b16abe512af764364eb" type="0"/>
	<item name="UI_Temporary_Account" md5="64494baa6e52ee7a7f5a538de6b898fc" type="0"/>
	<item name="UI_Term" md5="d2d40a8822e44c10700919772d433a59" type="0"/>
	<item name="UI_Test" md5="7b6e6b0b6676cd7322f856b6dd530866" type="0"/>
	<item name="UI_ThirdParty_CPUSpeed" md5="48c17d2b013657408d252e2aa6c060de" type="0"/>
	<item name="UI_ThirdParty_UUSpeed" md5="4eed6af1b0f63c2355959d6073c5db24" type="0"/>
	<item name="UI_TimeBox_Rule" md5="aa1ae161a1bf55db8b092264e44d064f" type="0"/>
	<item name="UI_Timeline_MainInterface_Mode" md5="4c0bdc06a162d865a44633b6d89bb10d" type="0"/>
	<item name="UI_Timeline_MainInterface_Mode_2" md5="c0b0a244601d3964e2638c3cc4c714f7" type="0"/>
	<item name="UI_Timeline_MainInterFace_Room_FriendList" md5="612fd546397837d1e1fbecaf0ac19957" type="0"/>
	<item name="UI_Tips" md5="160ad253d2cd1bf91625525e2b27a4af" type="0"/>
	<item name="UI_TitleCollection" md5="58429f6cd3f2d8123f3d41f4060e811c" type="0"/>
	<item name="UI_TowerItem" md5="50e29d9b1752d51dfef998677ca97474" type="0"/>
	<item name="UI_TowerListItem" md5="d7bb4a40b0e904452f340f7fd58f9a22" type="0"/>
	<item name="UI_TowerListItem_Vertical" md5="dcbd0fb05444c5d54025e23cc789a5e6" type="0"/>
	<item name="UI_TowerTabPage" md5="9ff10b018736d81a7332c747ad32b7bc" type="0"/>
	<item name="UI_Tutorial" md5="3cf8a581deba38a40fd91dfe563053c1" type="0"/>
	<item name="UI_UnbindEmail" md5="9f69be846f0ba15267292262b2691388" type="0"/>
	<item name="UI_Unload" md5="5d9f498bd79fdbe165d4045ea5e92ecb" type="0"/>
	<item name="UI_ValueRecord" md5="6b154fab7546d383da8c9b948c133d39" type="0"/>
	<item name="UI_VictoryDefeat" md5="0df6a00d389b9849546fb1d0ee34f5c3" type="0"/>
	<item name="UI_VideoListItem" md5="9a1624f409a5bd0b202aaf833639cba9" type="0"/>
	<item name="UI_VideoShopBuy" md5="3d7a50388c2a00ccf11cb9de606d93de" type="0"/>
	<item name="UI_ViolationWarning" md5="3fecb186e5ce0562b8c0b3b82759088b" type="0"/>
	<item name="UI_kiruvoiceChange" md5="6eb75899d599f17b3e46dc7cd9bc361a" type="0"/>
	<item name="UI_kiruvoiceRecognition" md5="5b72d0b189a23672c1db7a1547610239" type="0"/>
	<item name="UI_WaitingPreb" md5="7fd5794653579ace788899d3af86260b" type="0"/>
	<item name="UI_WaitMe" md5="eab5a84f7641e3c2b0a55cee3e32fe72" type="0"/>
	<item name="UI_WareHouse" md5="fd9db47d9d30f51904248ca04b503dd0" type="0"/>
	<item name="UI_WarReport" md5="7ad5a7f0c26a538ea682a13677355e5b" type="0"/>
	<item name="UI_WebLink" md5="bcedeb89bed57906abc3dd753bb12124" type="0"/>
	<item name="UI_WeekDiamond_Main" md5="5eb71fc3f337b75f490c198f76ff0883" type="0"/>
	<item name="UI_WishList" md5="aec71d2a86e1140da56bdeaa8961b4c5" type="0"/>
	<item name="UI_Worldtask" md5="756adc8aad4620d01806b18e37b2ed45" type="0"/>
	<item name="UI_Zhandui" md5="1f632f7067a6f4fdd858c9b36b1f7577" type="0"/>
	<item name="UI_ZhanduiBox_Rule" md5="a68bcddd20d7b1251baf8c6b30e97bb5" type="0"/>
	<item name="UI_ZhanduiDoubleAward" md5="d72a1034bf7ffd62b7bac44c05df68a0" type="0"/>
	<item name="UI_ZhanduiPopup" md5="ee8ec02a9445ffd924bfb72effd7deee" type="0"/>
	<item name="UI_Zhandui_BattleInfo" md5="78dcde7a13eba93f92020e28dfe89147" type="0"/>
	<item name="UI_Zhandui_membershow" md5="67cc649d00507f0552527534587ff9c3" type="0"/>
	<item name="UI_Zhandui_PushMCL" md5="45e2f9e85fc2a3e7d3316957f9bba345" type="0"/>
	<item name="UI_Zhibojingtou1" md5="4de3be21a14a925ce93b5c143284dfec" type="0"/>
	<item name="PVP_009" md5="ddd7e7adc89a35d158b2ee0620418c9d" type="5"/>
	<item name="PVP_032_low" md5="47d5ad04020847aab6252b290627735d" type="5"/>
	<item name="PVP_003" md5="e8df7a359e302431732678d768d9993b" type="13"/>
	<item name="PVP_007" md5="544af2d944003474fed75cebd58c8844" type="13"/>
	<item name="PVP_009" md5="c89230696e1337076df2bf5c61e916ea" type="13"/>
	<item name="PVP_012" md5="32bc808c9526c0ffdb7c060023a8083d" type="13"/>
	<item name="PVP_017" md5="8328c365f9678f4620316ae6832e8654" type="13"/>
	<item name="PVP_024" md5="722dd0b67df96d64a397bc984739ddf0" type="13"/>
	<item name="PVP_040" md5="84460e513ab1de1670fe12f15763c370" type="13"/>
	<item name="PVP_053" md5="4b09d1691cbb0d9c0335fb76a430f160" type="13"/>
	<item name="PVP_060" md5="7a6da3f19149c865c2edbcd1b67ddc2c" type="13"/>
	<item name="bgm_intro.2021.bnk" md5="cae1b3093327e10e1314047961aacdf3" type="7"/>
	<item name="bgm_loading.2021.bnk" md5="d24a7ae5fd48592e36e51531b4946854" type="7"/>
	<item name="bgm_pvp03.2021.bnk" md5="52cbd1cc75912fe79761165b8430663e" type="7"/>
	<item name="bgm_select_heros.2021.bnk" md5="e9525cbc9d2adfd76f3b513c618f2b81" type="7"/>
	<item name="Init.2021.bnk" md5="b372fcc3e0a4981ca00fef1c0ae6634b" type="7"/>
	<item name="jingle.2021.bnk" md5="6a46fd7f6a4592daa58d02a5a212bab2" type="7"/>
	<item name="kirufx_1011.2021.bnk" md5="0f74aa0986602e7819c841aa1c6a95d7" type="7"/>
	<item name="kirufx_1021.2021.bnk" md5="1ea0626d17ef344c646d76a45cd90fe3" type="7"/>
	<item name="kirufx_1161.2021.bnk" md5="8324b10924d1796231e131e3c755488e" type="7"/>
	<item name="kirufx_1181.2021.bnk" md5="96761b4fbec1f01179bc2b2db6cb521d" type="7"/>
	<item name="kirufx_1381.2021.bnk" md5="2557904166f83698403a884688562f04" type="7"/>
	<item name="kirufx_1601.2021.bnk" md5="5a5607a2e90e5dc9a68ad829c9c76204" type="7"/>
	<item name="kirufx_1851.2021.bnk" md5="98c323b8910ea3faf49b7938747e7670" type="7"/>
	<item name="show_1161.2021.bnk" md5="bbcc2011399846d0aec2ef9a7c67572e" type="7"/>
	<item name="show_1181.2021.bnk" md5="7349bb57011e8273d021b2d5338d388a" type="7"/>
	<item name="show_kiruvo_1161.2021.bnk" md5="9e3970b7631f3e2f8e2710c9389cb8aa" type="7"/>
	<item name="show_kiruvo_1181.2021.bnk" md5="a8afed63709299b377d618d3d368ccf3" type="7"/>
	<item name="tutorial.2021.bnk" md5="30d08a4ff33fb9776455da7ffcb11c59" type="7"/>
	<item name="tutorial_Newpalyer_Layla.2021.bnk" md5="bb30b1e011e253de97f425a56f2c2187" type="7"/>
	<item name="ui02_kirufx.2021.bnk" md5="3fea314c4953f12144ad04a210d4704e" type="7"/>
	<item name="ui03_kirufx.2021.bnk" md5="16627074aaa7fc5fbd6619cd844ff4c2" type="7"/>
	<item name="ui_guide.2021.bnk" md5="0b176a1e8885cdebf9c8058ea5b2889d" type="7"/>
	<item name="ui_kirufx.2021.bnk" md5="9ce7197b51dea84b69f75a22bdb9ab4b" type="7"/>
	<item name="ui_ToNewUI_kirufx.2021.bnk" md5="b9b5ee5302c7b8733f6780ed2662be79" type="7"/>
	<item name="kiruvo_1181_maininterface.2021.bnk" md5="e552e6a0343a157da7b88b43351262d6" type="7"/>
	<item name="kiruvo_inword_layla.2021.bnk" md5="321810fc90a5f497abc7885a7062ec59" type="7"/>
	<item name="kiruvo_system.2021.bnk" md5="998b61921483495ef90c54b83f03c887" type="7"/>
	<item name="kiruvo_system02.2021.bnk" md5="2d748b7d8f2ffd6343ed407b903fec5b" type="7"/>
	<item name="firstloadingbg.jpg" md5="80fadd38d888420f9b559cc1aaa7c406" type="20"/>
	<version name="983.1"/>
</root>
